price_id,price_type,product_code,category_tag,price,price_per,currency,date,location_id,proof_id,proof_type,country,city,qc_price_positive,qc_currency_present,qc_date_present,qc_date_not_future,qc_date_valid,qc_proof_present,qc_proof_visual,qc_product_identity,qc_core_eligible
355,PRODUCT,3423182102411,,4.150,,EUR,2023-11-27,1,9880,SHOP_IMPORT,France,Grenoble,True,True,True,True,True,True,False,True,True
655,PRODUCT,3760020507916,,3.070,,EUR,2023-11-27,1,9880,SHOP_IMPORT,France,Grenoble,True,True,True,True,True,True,False,True,True
999,PRODUCT,3443431503004,,6.350,,EUR,2023-12-18,2,1,PRICE_TAG,France,Paris,True,True,True,True,True,True,True,True,True
1000,PRODUCT,3456300014556,,2.850,,EUR,2023-12-19,3,2,PRICE_TAG,France,Grenoble,True,True,True,True,True,True,True,True,True
1001,PRODUCT,3760020507916,,3.160,,EUR,2023-12-19,3,3,PRICE_TAG,France,Grenoble,True,True,True,True,True,True,False,True,True
1096,PRODUCT,3456300014556,,2.620,,EUR,2023-12-24,11,83,PRICE_TAG,France,Grenoble,True,True,True,True,True,True,False,True,True
1108,PRODUCT,3456300014556,,2.850,,EUR,2023-12-24,3,95,PRICE_TAG,France,Grenoble,True,True,True,True,True,True,False,True,True
1109,PRODUCT,3760020507916,,3.160,,EUR,2023-12-24,3,96,PRICE_TAG,France,Grenoble,True,True,True,True,True,True,False,True,True
1124,PRODUCT,3760020507916,,3.150,,EUR,2023-12-24,12,112,PRICE_TAG,France,Échirolles,True,True,True,True,True,True,False,True,True
1125,PRODUCT,3456300014556,,2.990,,EUR,2023-12-24,12,113,PRICE_TAG,France,Échirolles,True,True,True,True,True,True,False,True,True
1142,PRODUCT,3456300014556,,2.850,,EUR,2023-12-26,14,133,PRICE_TAG,France,Grenoble,True,True,True,True,True,True,False,True,True
1143,PRODUCT,3760020507916,,2.820,,EUR,2023-12-26,14,134,PRICE_TAG,France,Grenoble,True,True,True,True,True,True,False,True,True
1438,PRODUCT,2006050063055,,4.290,,EUR,2024-01-05,27,445,RECEIPT,France,Levallois-Perret,True,True,True,True,True,True,True,True,True
1439,PRODUCT,2006050027217,,2.690,,EUR,2024-01-05,27,446,RECEIPT,France,Levallois-Perret,True,True,True,True,True,True,True,True,True
2457,PRODUCT,3456300014556,,2.050,,EUR,2020-09-18,44,1467,PRICE_TAG,France,Thiais,True,True,True,True,True,True,False,True,True
5101,PRODUCT,5000112611878,,1.990,,EUR,2024-02-10,43,2377,PRICE_TAG,France,Marcq-en-Barœul,True,True,True,True,True,True,False,True,True
5108,PRODUCT,3456300014556,,2.370,,EUR,2024-02-10,34,2382,RECEIPT,France,Bresson,True,True,True,True,True,True,False,True,True
5110,PRODUCT,3760020507916,,3.060,,EUR,2024-02-10,34,2382,RECEIPT,France,Bresson,True,True,True,True,True,True,False,True,True
5268,PRODUCT,3770018078151,,3.390,,EUR,2024-02-10,121,2414,RECEIPT,France,Lyon,True,True,True,True,True,True,True,True,True
5567,PRODUCT,3456300014556,,2.790,,EUR,2024-02-12,126,2660,PRICE_TAG,France,Lille,True,True,True,True,True,True,False,True,True
5845,PRODUCT,3038353911909,,2.250,,EUR,2024-02-14,126,2919,PRICE_TAG,France,Lille,True,True,True,True,True,True,False,True,True
5950,PRODUCT,5000112611878,,1.970,,EUR,2024-02-15,150,3006,PRICE_TAG,France,Lille,True,True,True,True,True,True,False,True,True
6123,PRODUCT,3384110004736,,2.300,,EUR,2018-03-27,154,3070,GDPR_REQUEST,France,Belley,True,True,True,True,True,True,False,True,True
6124,PRODUCT,3596710435791,,0.470,,EUR,2018-03-27,154,3070,GDPR_REQUEST,France,Belley,True,True,True,True,True,True,False,True,True
6190,PRODUCT,3384110004736,,2.300,,EUR,2018-05-03,154,3070,GDPR_REQUEST,France,Belley,True,True,True,True,True,True,False,True,True
6381,PRODUCT,3384110004736,,2.300,,EUR,2018-08-09,154,3070,GDPR_REQUEST,France,Belley,True,True,True,True,True,True,False,True,True
6522,PRODUCT,3384110004736,,2.300,,EUR,2018-09-28,154,3070,GDPR_REQUEST,France,Belley,True,True,True,True,True,True,False,True,True
6557,PRODUCT,3384110004736,,2.300,,EUR,2018-10-09,154,3070,GDPR_REQUEST,France,Belley,True,True,True,True,True,True,False,True,True
6563,PRODUCT,3038359004544,,0.650,,EUR,2018-10-09,154,3070,GDPR_REQUEST,France,Belley,True,True,True,True,True,True,False,True,True
6729,PRODUCT,3038359004544,,0.650,,EUR,2018-11-09,154,3070,GDPR_REQUEST,France,Belley,True,True,True,True,True,True,False,True,True
6780,PRODUCT,3384110004736,,2.300,,EUR,2018-11-30,154,3070,GDPR_REQUEST,France,Belley,True,True,True,True,True,True,False,True,True
6923,PRODUCT,3384110004736,,2.300,,EUR,2018-12-29,154,3070,GDPR_REQUEST,France,Belley,True,True,True,True,True,True,False,True,True
7054,PRODUCT,3384110004736,,2.300,,EUR,2019-01-25,154,3070,GDPR_REQUEST,France,Belley,True,True,True,True,True,True,False,True,True
7104,PRODUCT,3384110004736,,2.300,,EUR,2019-02-14,154,3070,GDPR_REQUEST,France,Belley,True,True,True,True,True,True,False,True,True
7237,PRODUCT,3384110004736,,2.300,,EUR,2019-04-12,154,3070,GDPR_REQUEST,France,Belley,True,True,True,True,True,True,False,True,True
7273,PRODUCT,3384110004736,,2.300,,EUR,2019-04-26,154,3070,GDPR_REQUEST,France,Belley,True,True,True,True,True,True,False,True,True
7316,PRODUCT,3384110004736,,2.300,,EUR,2019-05-17,154,3070,GDPR_REQUEST,France,Belley,True,True,True,True,True,True,False,True,True
7548,PRODUCT,3384110004736,,2.000,,EUR,2019-09-05,154,3070,GDPR_REQUEST,France,Belley,True,True,True,True,True,True,False,True,True
7626,PRODUCT,3384110004736,,2.000,,EUR,2019-10-17,154,3070,GDPR_REQUEST,France,Belley,True,True,True,True,True,True,False,True,True
7751,PRODUCT,3384110004736,,2.000,,EUR,2019-12-03,154,3070,GDPR_REQUEST,France,Belley,True,True,True,True,True,True,False,True,True
8029,PRODUCT,3384110004736,,2.000,,EUR,2020-03-03,154,3070,GDPR_REQUEST,France,Belley,True,True,True,True,True,True,False,True,True
8989,PRODUCT,3302740047312,,2.690,,EUR,2021-05-27,154,3070,GDPR_REQUEST,France,Belley,True,True,True,True,True,True,False,True,True
10016,PRODUCT,3038359004544,,0.870,,EUR,2022-08-10,154,3070,GDPR_REQUEST,France,Belley,True,True,True,True,True,True,False,True,True
10187,PRODUCT,3033491451652,,2.210,,EUR,2022-10-27,154,3070,GDPR_REQUEST,France,Belley,True,True,True,True,True,True,False,True,True
12494,PRODUCT,3760020507916,,2.820,,EUR,2023-10-09,14,3214,GDPR_REQUEST,France,Grenoble,True,True,True,True,True,True,False,True,True
12495,PRODUCT,3760020507916,,2.820,,EUR,2023-10-09,14,3214,GDPR_REQUEST,France,Grenoble,True,True,True,True,True,True,False,True,True
12496,PRODUCT,3760020507916,,2.820,,EUR,2023-10-09,14,3214,GDPR_REQUEST,France,Grenoble,True,True,True,True,True,True,False,True,True
12601,PRODUCT,3456300014556,,2.650,,EUR,2022-09-08,3,3214,GDPR_REQUEST,France,Grenoble,True,True,True,True,True,True,False,True,True
13309,PRODUCT,5000112611878,,1.680,,EUR,2024-02-18,119,3275,PRICE_TAG,France,Mons-en-Barœul,True,True,True,True,True,True,False,True,True
13959,PRODUCT,7792052075169,,1600.000,,ARS,2024-02-18,191,3572,PRICE_TAG,Argentina,Buenos Aires,True,True,True,True,True,True,True,True,True
14122,PRODUCT,5000112611878,,1.890,,EUR,2024-02-27,197,3644,PRICE_TAG,France,Bosc-le-Hard,True,True,True,True,True,True,False,True,True
14135,PRODUCT,3240931548135,,3.990,,EUR,2024-02-27,194,3650,RECEIPT,France,Paris,True,True,True,True,True,True,False,True,True
14174,PRODUCT,3423182102411,,5.090,,EUR,2024-02-29,10,3658,PRICE_TAG,France,Grenoble,True,True,True,True,True,True,False,True,True
14740,PRODUCT,3019089042228,,2.500,,EUR,2024-03-06,3,3797,PRICE_TAG,France,Grenoble,True,True,True,True,True,True,False,True,True
14782,PRODUCT,3165959213028,,2.760,,EUR,2024-03-06,3,3797,PRICE_TAG,France,Grenoble,True,True,True,True,True,True,False,True,True
14952,PRODUCT,5000112611878,,2.800,,EUR,2024-03-07,230,3816,PRICE_TAG,France,Lille,True,True,True,True,True,True,False,True,True
15193,PRODUCT,3256224255017,,1.640,,EUR,2024-03-11,127,3987,RECEIPT,France,Veynes,True,True,True,True,True,True,True,True,True
15250,PRODUCT,3266140053581,,21.180,,EUR,2024-03-12,11,4012,PRICE_TAG,France,Grenoble,True,True,True,True,True,True,False,True,True
16822,PRODUCT,3412290023909,,1.960,,EUR,2024-03-21,275,4367,PRICE_TAG,France,Nantes,True,True,True,True,True,True,True,True,True
17858,PRODUCT,3770018078151,,3.390,,EUR,2024-04-06,121,4984,RECEIPT,France,Lyon,True,True,True,True,True,True,False,True,True
18314,PRODUCT,8719200265578,,3.500,,EUR,2024-04-15,342,5126,RECEIPT,United Kingdom,Hartlepool,True,True,True,True,True,True,False,True,True
19660,PRODUCT,4061464487482,,2.690,,EUR,2024-04-25,375,5597,PRICE_TAG,Deutschland,Strausberg,True,True,True,True,True,True,True,True,True
21794,PRODUCT,3033491350795,,1.600,,EUR,2023-07-01,401,5914,GDPR_REQUEST,France,Miribel,True,True,True,True,True,True,False,True,True
22660,PRODUCT,3456300014556,,2.490,,EUR,2022-10-21,401,5914,GDPR_REQUEST,France,Miribel,True,True,True,True,True,True,False,True,True
22724,PRODUCT,3123930711758,,3.050,,EUR,2022-10-06,401,5914,GDPR_REQUEST,France,Miribel,True,True,True,True,True,True,False,True,True
22725,PRODUCT,3123930711758,,3.050,,EUR,2022-10-06,401,5914,GDPR_REQUEST,France,Miribel,True,True,True,True,True,True,False,True,True
22973,PRODUCT,3123930711758,,3.050,,EUR,2022-08-17,401,5914,GDPR_REQUEST,France,Miribel,True,True,True,True,True,True,False,True,True
23059,PRODUCT,3033491350795,,1.440,,EUR,2022-07-04,401,5914,GDPR_REQUEST,France,Miribel,True,True,True,True,True,True,False,True,True
23140,PRODUCT,3456300014556,,2.290,,EUR,2022-06-18,401,5914,GDPR_REQUEST,France,Miribel,True,True,True,True,True,True,False,True,True
26093,PRODUCT,8719200265578,,4.600,,EUR,2024-05-14,342,6521,PRICE_TAG,United Kingdom,Hartlepool,True,True,True,True,True,True,False,True,True
28467,PRODUCT,8719200265578,,3.000,,EUR,2024-06-14,342,7377,PRICE_TAG,United Kingdom,Hartlepool,True,True,True,True,True,True,False,True,True
28521,PRODUCT,3038359004544,,1.100,,EUR,2024-06-01,57,7392,RECEIPT,France,Levallois-Perret,True,True,True,True,True,True,False,True,True
30555,PRODUCT,3560071264550,,1.650,,ADP,2024-07-24,715,7953,PRICE_TAG,France,Villabé,True,True,True,True,True,True,True,True,True
31473,PRODUCT,4850002940974,,595.000,,AMD,2024-08-18,823,8257,RECEIPT,Հայաստան,Երևան,True,True,True,True,True,True,True,True,True
32222,PRODUCT,8033976484743,,2.990,,EUR,2024-08-20,872,8428,RECEIPT,Italia,Mazara del Vallo,True,True,True,True,True,True,True,True,True
33072,PRODUCT,3273220530375,,1.530,,EUR,2024-09-05,3,8702,PRICE_TAG,France,Grenoble,True,True,True,True,True,True,False,True,True
33086,PRODUCT,3033491350795,,1.740,,EUR,2024-09-05,3,8702,PRICE_TAG,France,Grenoble,True,True,True,True,True,True,False,True,True
33757,PRODUCT,8033976484743,,2.990,,EUR,2024-08-29,872,8820,RECEIPT,Italia,Mazara del Vallo,True,True,True,True,True,True,False,True,True
33765,PRODUCT,8033976484743,,2.990,,EUR,2024-09-03,872,8821,RECEIPT,Italia,Mazara del Vallo,True,True,True,True,True,True,False,True,True
33783,PRODUCT,8007066010075,,1.390,,EUR,2024-09-10,872,8826,RECEIPT,Italia,Mazara del Vallo,True,True,True,True,True,True,True,True,True
33784,PRODUCT,8033976484743,,2.990,,EUR,2024-09-10,872,8826,RECEIPT,Italia,Mazara del Vallo,True,True,True,True,True,True,True,True,True
34186,PRODUCT,8033976484743,,2.990,,EUR,2024-09-16,872,8937,RECEIPT,Italia,Mazara del Vallo,True,True,True,True,True,True,False,True,True
37628,PRODUCT,3038359004544,,1.040,,EUR,2024-09-25,57,10051,RECEIPT,France,Levallois-Perret,True,True,True,True,True,True,False,True,True
38855,PRODUCT,3045320517699,,2.650,,EUR,2024-10-05,1223,10964,PRICE_TAG,France,Paris,True,True,True,True,True,True,False,True,True
39518,PRODUCT,3760020507916,,3.130,,EUR,2024-10-17,3,11392,RECEIPT,France,Grenoble,True,True,True,True,True,True,True,True,True
39552,PRODUCT,4061464487482,,2.190,,EUR,2024-10-01,468,11402,PRICE_TAG,Deutschland,,True,True,True,True,True,True,False,True,True
39573,PRODUCT,3500390010247,,19.950,,EUR,2024-10-18,11,11420,PRICE_TAG,France,Grenoble,True,True,True,True,True,True,True,True,True
39574,PRODUCT,3266140053581,,21.480,,EUR,2024-10-18,11,11420,PRICE_TAG,France,Grenoble,True,True,True,True,True,True,True,True,True
39610,PRODUCT,3280220908073,,1.480,,EUR,2024-10-19,1263,11436,PRICE_TAG,France,Aulnay,True,True,True,True,True,True,True,True,True
39622,PRODUCT,3770014111777,,2.040,,EUR,2024-10-19,1263,11448,PRICE_TAG,France,Aulnay,True,True,True,True,True,True,True,True,True
39624,PRODUCT,3250392404499,,2.090,,EUR,2024-10-19,1263,11450,PRICE_TAG,France,Aulnay,True,True,True,True,True,True,True,True,True
39625,PRODUCT,3220035229611,,2.770,,EUR,2024-10-19,1263,11451,PRICE_TAG,France,Aulnay,True,True,True,True,True,True,True,True,True
39626,PRODUCT,3250392335137,,2.070,,EUR,2024-10-19,1263,11452,PRICE_TAG,France,Aulnay,True,True,True,True,True,True,True,True,True
39627,PRODUCT,3250391980253,,1.790,,EUR,2024-10-19,1263,11453,PRICE_TAG,France,Aulnay,True,True,True,True,True,True,True,True,True
39630,PRODUCT,3033491451652,,2.440,,EUR,2024-10-19,1263,11456,PRICE_TAG,France,Aulnay,True,True,True,True,True,True,False,True,True
39632,PRODUCT,3412290023909,,1.880,,EUR,2024-10-19,1263,11458,PRICE_TAG,France,Aulnay,True,True,True,True,True,True,False,True,True
39633,PRODUCT,3250390523970,,1.090,,EUR,2024-10-19,1263,11459,PRICE_TAG,France,Aulnay,True,True,True,True,True,True,True,True,True
39634,PRODUCT,3023260027607,,4.430,,EUR,2024-10-19,1263,11460,PRICE_TAG,France,Aulnay,True,True,True,True,True,True,True,True,True
39636,PRODUCT,0290054000006,,9.900,,EUR,2024-10-19,1263,11462,PRICE_TAG,France,Aulnay,True,True,True,True,True,True,True,True,True
39637,PRODUCT,3123930711758,,3.600,,EUR,2024-10-19,1263,11463,PRICE_TAG,France,Aulnay,True,True,True,True,True,True,True,True,True
39638,PRODUCT,3220035570003,,3.160,,EUR,2024-10-19,1263,11464,PRICE_TAG,France,Aulnay,True,True,True,True,True,True,True,True,True
39692,PRODUCT,3250390523970,,1.090,,EUR,2024-10-19,1263,11518,PRICE_TAG,France,Aulnay,True,True,True,True,True,True,False,True,True
39724,PRODUCT,3240931548135,,3.220,,EUR,2024-10-19,1174,11543,RECEIPT,France,Noisy-le-Grand,True,True,True,True,True,True,False,True,True
39752,PRODUCT,3456300014556,,2.890,,EUR,2024-10-19,256,11555,RECEIPT,France,Meylan,True,True,True,True,True,True,False,True,True
39753,PRODUCT,3760020507916,,2.990,,EUR,2024-10-19,256,11555,RECEIPT,France,Meylan,True,True,True,True,True,True,False,True,True
40987,PRODUCT,3297760097969,,1.950,,EUR,2023-08-25,1304,11776,GDPR_REQUEST,France,Rennes,True,True,True,True,True,True,False,True,True
41843,PRODUCT,3500390010247,,17.580,,EUR,2024-10-26,1,11974,RECEIPT,France,Grenoble,True,True,True,True,True,True,False,True,True
42628,PRODUCT,3273220530375,,1.380,,EUR,2024-10-28,40,12176,RECEIPT,France,Paris,True,True,True,True,True,True,True,True,True
42629,PRODUCT,3560070283484,,1.250,,EUR,2024-10-28,40,12176,RECEIPT,France,Paris,True,True,True,True,True,True,True,True,True
42630,PRODUCT,3560070206469,,1.990,,EUR,2024-10-28,40,12176,RECEIPT,France,Paris,True,True,True,True,True,True,True,True,True
43311,PRODUCT,3760297370206,,2.300,,EUR,2024-11-01,888,12358,RECEIPT,France,Paris,True,True,True,True,True,True,False,True,True
44271,PRODUCT,3770018078151,,3.590,,EUR,2024-11-06,1429,13023,RECEIPT,France,Villeurbanne,True,True,True,True,True,True,False,True,True
44766,PRODUCT,3297760097969,,2.150,,EUR,2024-11-11,3,13257,PRICE_TAG,France,Grenoble,True,True,True,True,True,True,False,True,True
45351,PRODUCT,8023678730606,,3.400,,EUR,2024-11-15,1481,13415,PRICE_TAG,France,Villeurbanne,True,True,True,True,True,True,True,True,True
45956,PRODUCT,8000500391228,,3.390,,EUR,2024-11-17,1350,13546,PRICE_TAG,France,Rennes,True,True,True,True,True,True,False,True,True
46112,PRODUCT,8033976484743,,2.990,,EUR,2024-09-28,872,13603,RECEIPT,Italia,Mazara del Vallo,True,True,True,True,True,True,False,True,True
49129,PRODUCT,3456300014556,,2.810,,EUR,2024-11-23,1542,13728,PRICE_TAG,France,Grenoble,True,True,True,True,True,True,False,True,True
52638,PRODUCT,3242272981053,,3.320,,EUR,2024-11-26,1057,13881,PRICE_TAG,France,Lyon,True,True,True,True,True,True,False,True,True
53006,PRODUCT,8000500391228,,4.590,,EUR,2024-11-29,1581,14017,PRICE_TAG,Italia,Salbertrand,True,True,True,True,True,True,False,True,True
53008,PRODUCT,8000500391228,,3.990,,EUR,2024-11-29,1581,14018,PRICE_TAG,Italia,Salbertrand,True,True,True,True,True,True,False,True,True
53216,PRODUCT,8000500391228,,3.390,,EUR,2024-11-29,1585,14059,PRICE_TAG,Italia,Torino,True,True,True,True,True,True,False,True,True
54677,PRODUCT,3019089042228,,2.560,,EUR,2024-12-04,1185,14496,PRICE_TAG,France,Lyon,True,True,True,True,True,True,False,True,True
55098,PRODUCT,3560070206469,,1.990,,EUR,2024-12-08,40,14689,RECEIPT,France,Paris,True,True,True,True,True,True,False,True,True
55100,PRODUCT,3560070283484,,1.250,,EUR,2024-12-08,40,14689,RECEIPT,France,Paris,True,True,True,True,True,True,False,True,True
57317,PRODUCT,3423182102411,,4.150,,EUR,2024-12-08,1,14728,SHOP_IMPORT,France,Grenoble,True,True,True,True,True,True,False,True,True
57452,PRODUCT,3500390010247,,17.580,,EUR,2024-12-08,1,14728,SHOP_IMPORT,France,Grenoble,True,True,True,True,True,True,False,True,True
57699,PRODUCT,3760020507916,,3.100,,EUR,2024-12-08,1,14728,SHOP_IMPORT,France,Grenoble,True,True,True,True,True,True,False,True,True
59194,PRODUCT,5000112611878,,1.990,,EUR,2024-12-14,1701,15108,PRICE_TAG,France,Lyon,True,True,True,True,True,True,False,True,True
59473,PRODUCT,3165959213028,,2.850,,EUR,2024-12-14,1701,15189,PRICE_TAG,France,Lyon,True,True,True,True,True,True,False,True,True
60645,PRODUCT,3560070283484,,1.250,,EUR,2024-12-22,40,15747,RECEIPT,France,Paris,True,True,True,True,True,True,False,True,True
60739,PRODUCT,3266140053581,,23.050,,EUR,2024-12-22,256,15714,PRICE_TAG,France,Meylan,True,True,True,True,True,True,False,True,True
60741,PRODUCT,3500390010247,,19.990,,EUR,2024-12-22,256,15712,PRICE_TAG,France,Meylan,True,True,True,True,True,True,False,True,True
61133,PRODUCT,3560070283484,,1.250,,EUR,2024-12-26,40,15941,RECEIPT,France,Paris,True,True,True,True,True,True,False,True,True
61807,PRODUCT,3250392335137,,2.090,,EUR,2024-12-28,49,16183,PRICE_TAG,France,Grenoble,True,True,True,True,True,True,False,True,True
63162,PRODUCT,3560070283484,,1.250,,EUR,2025-01-02,40,16635,RECEIPT,France,Paris,True,True,True,True,True,True,False,True,True
63163,PRODUCT,3560070206469,,1.990,,EUR,2025-01-02,40,16635,RECEIPT,France,Paris,True,True,True,True,True,True,False,True,True
63902,PRODUCT,3760090370571,,7.990,,EUR,2025-01-04,8,16858,PRICE_TAG,France,Grenoble,True,True,True,True,True,True,False,True,True
64492,PRODUCT,3019089042228,,2.500,,EUR,2025-01-06,1874,16945,PRICE_TAG,France,Seyssinet-Pariset,True,True,True,True,True,True,False,True,True
64553,PRODUCT,3560070283484,,1.120,,EUR,2025-01-06,1874,16950,PRICE_TAG,France,Seyssinet-Pariset,True,True,True,True,True,True,False,True,True
66491,PRODUCT,3038359004544,,1.170,,EUR,2025-01-09,3,17472,PRICE_TAG,France,Grenoble,True,True,True,True,True,True,False,True,True
66529,PRODUCT,3760020507916,,3.130,,EUR,2025-01-09,3,17481,PRICE_TAG,France,Grenoble,True,True,True,True,True,True,False,True,True
66627,PRODUCT,3760020507916,,3.130,,EUR,2025-01-09,3,17514,RECEIPT,France,Grenoble,True,True,True,True,True,True,False,True,True
68462,PRODUCT,3033491350795,,2.250,,EUR,2025-01-17,1948,18212,PRICE_TAG,France,Clichy,True,True,True,True,True,True,False,True,True
68633,PRODUCT,3220035229611,,1.990,,EUR,2025-01-18,3,18294,PRICE_TAG,France,Grenoble,True,True,True,True,True,True,False,True,True
68931,PRODUCT,3220035229611,,1.990,,EUR,2025-01-18,506,18469,PRICE_TAG,France,Échirolles,True,True,True,True,True,True,False,True,True
69007,PRODUCT,5000112611878,,1.750,,EUR,2025-01-18,506,18520,PRICE_TAG,France,Échirolles,True,True,True,True,True,True,False,True,True
69143,PRODUCT,8719200265578,,3.250,,GBP,2025-01-18,342,18716,RECEIPT,United Kingdom,Hartlepool,True,True,True,True,True,True,False,True,True
69168,PRODUCT,8000500391228,,2.990,,EUR,2025-01-10,468,18740,PRICE_TAG,Deutschland,,True,True,True,True,True,True,False,True,True
69341,PRODUCT,5000112611878,,1.830,,EUR,2025-01-20,3,18828,PRICE_TAG,France,Grenoble,True,True,True,True,True,True,False,True,True
69943,PRODUCT,3242272981053,,2.890,,EUR,2025-01-21,49,19150,PRICE_TAG,France,Grenoble,True,True,True,True,True,True,False,True,True
70023,PRODUCT,3123930711758,,3.960,,EUR,2025-01-21,49,19099,PRICE_TAG,France,Grenoble,True,True,True,True,True,True,False,True,True
71617,PRODUCT,3760020507916,,2.690,,EUR,2025-01-24,2015,19484,PRICE_TAG,France,Saint-Martin-d'Hères,True,True,True,True,True,True,False,True,True
71721,PRODUCT,3456300014556,,2.690,,EUR,2025-01-24,2015,19484,PRICE_TAG,France,Saint-Martin-d'Hères,True,True,True,True,True,True,False,True,True
71741,PRODUCT,3019089042228,,2.650,,EUR,2025-01-22,2019,19563,PRICE_TAG,France,Levallois-Perret,True,True,True,True,True,True,False,True,True
72227,PRODUCT,3256223264768,,2.740,,EUR,2025-01-25,478,19662,PRICE_TAG,France,Grenoble,True,True,True,True,True,True,True,True,True
73795,PRODUCT,5760466994484,,16.290,,AED,2025-02-01,2097,20204,RECEIPT,الإمارات العربية المتحدة,دبي,True,True,True,True,True,True,True,True,True
73796,PRODUCT,5760466994484,,16.290,,AED,2025-02-01,2097,20205,PRICE_TAG,الإمارات العربية المتحدة,دبي,True,True,True,True,True,True,False,True,True
74242,PRODUCT,5000112611878,,1.650,,EUR,2025-02-01,351,20550,PRICE_TAG,France,Échirolles,True,True,True,True,True,True,False,True,True
75066,PRODUCT,5000112611878,,1.650,,EUR,2025-02-01,351,20480,PRICE_TAG,France,Échirolles,True,True,True,True,True,True,False,True,True
75239,PRODUCT,8719200265578,,2.990,,GBP,2025-02-02,364,20989,RECEIPT,United Kingdom,Hartlepool,True,True,True,True,True,True,False,True,True
75703,PRODUCT,3270190023524,,1.750,,EUR,2022-11-28,1869,21192,GDPR_REQUEST,France,Montélimar,True,True,True,True,True,True,False,True,True
78054,PRODUCT,3266140053581,,21.480,,EUR,2025-02-11,11,22084,PRICE_TAG,France,Grenoble,True,True,True,True,True,True,False,True,True
79593,PRODUCT,3770014111777,,2.150,,EUR,2025-02-17,15,23017,PRICE_TAG,France,Grenoble,True,True,True,True,True,True,False,True,True
80492,PRODUCT,3123930711758,,3.650,,EUR,2025-02-22,2326,23477,PRICE_TAG,France,Sevran,True,True,True,True,True,True,False,True,True
81144,PRODUCT,3760341070236,,1.710,,EUR,2024-08-17,1870,23821,GDPR_REQUEST,France,Bourg-lès-Valence,True,True,True,True,True,True,False,True,True
82876,PRODUCT,3297760097969,,1.740,,EUR,2023-04-14,1579,23821,GDPR_REQUEST,France,Montélimar,True,True,True,True,True,True,False,True,True
84613,PRODUCT,3038359004544,,0.560,,EUR,2021-02-26,1579,23821,GDPR_REQUEST,France,Montélimar,True,True,True,True,True,True,False,True,True
85646,PRODUCT,3456300014556,,2.580,,EUR,2025-02-26,10,24342,PRICE_TAG,France,Grenoble,True,True,True,True,True,True,False,True,True
86884,PRODUCT,3760297370206,,3.240,,EUR,2025-03-04,2407,24927,RECEIPT,France,Redon,True,True,True,True,True,True,False,True,True
87453,PRODUCT,4260031550011,,6.490,,EUR,2025-03-07,1452,25219,RECEIPT,Deutschland,Chemnitz,True,True,True,True,True,True,True,True,True
88154,PRODUCT,3760020507916,,3.130,,EUR,2025-03-11,14,25633,PRICE_TAG,France,Grenoble,True,True,True,True,True,True,False,True,True
88162,PRODUCT,3456300014556,,2.810,,EUR,2025-03-11,14,25633,PRICE_TAG,France,Grenoble,True,True,True,True,True,True,False,True,True
88486,PRODUCT,3033491279294,,3.990,,EUR,2025-03-13,2224,25803,RECEIPT,France,Paris,True,True,True,True,True,True,False,True,True
89761,PRODUCT,3165959213028,,2.440,,EUR,2025-03-20,11,26790,PRICE_TAG,France,Grenoble,True,True,True,True,True,True,False,True,True
90765,PRODUCT,3760020507916,,2.170,,EUR,2025-03-22,2552,27067,PRICE_TAG,France,Fontaine,True,True,True,True,True,True,False,True,True
92526,PRODUCT,3183811008117,,4.280,,EUR,2025-03-23,35,27160,PRICE_TAG,France,Grenoble,True,True,True,True,True,True,False,True,True
93813,PRODUCT,4061464487482,,3.490,,EUR,2025-03-28,468,27998,PRICE_TAG,Deutschland,,True,True,True,True,True,True,False,True,True
93999,PRODUCT,3456300014556,,2.750,,EUR,2025-04-01,2611,28173,PRICE_TAG,France,Varces-Allières-et-Risset,True,True,True,True,True,True,False,True,True
94443,PRODUCT,8801068091298,,1.950,,EUR,2024-04-13,2147,28392,PRICE_TAG,Lietuva,Marijampolė,True,True,True,True,True,True,True,True,True
94452,PRODUCT,3033491279294,,1.750,,EUR,2025-04-03,2224,28400,RECEIPT,France,Paris,True,True,True,True,True,True,False,True,True
96239,PRODUCT,3033491279294,,2.100,,EUR,2025-04-13,2217,28957,RECEIPT,France,Clichy,True,True,True,True,True,True,False,True,True
97149,PRODUCT,3023260027607,,3.420,,EUR,2022-11-03,2738,29095,GDPR_REQUEST,France,Lunel,True,True,True,True,True,True,False,True,True
97568,PRODUCT,3240931548135,,3.490,,EUR,2023-04-13,2738,29095,GDPR_REQUEST,France,Lunel,True,True,True,True,True,True,False,True,True
97585,PRODUCT,3240931548135,,3.490,,EUR,2023-04-24,2738,29095,GDPR_REQUEST,France,Lunel,True,True,True,True,True,True,False,True,True
97895,PRODUCT,3240931548135,,3.420,,EUR,2023-09-12,2738,29095,GDPR_REQUEST,France,Lunel,True,True,True,True,True,True,False,True,True
98002,PRODUCT,3240931548135,,3.390,,EUR,2023-10-26,2738,29095,GDPR_REQUEST,France,Lunel,True,True,True,True,True,True,False,True,True
98092,PRODUCT,3240931548135,,3.390,,EUR,2023-11-23,2738,29095,GDPR_REQUEST,France,Lunel,True,True,True,True,True,True,False,True,True
98179,PRODUCT,3240931548135,,3.420,,EUR,2023-12-29,2738,29095,GDPR_REQUEST,France,Lunel,True,True,True,True,True,True,False,True,True
98303,PRODUCT,3240931548135,,3.390,,EUR,2024-01-27,2738,29095,GDPR_REQUEST,France,Lunel,True,True,True,True,True,True,False,True,True
98485,PRODUCT,3240931548135,,3.330,,EUR,2024-04-15,2738,29095,GDPR_REQUEST,France,Lunel,True,True,True,True,True,True,False,True,True
98643,PRODUCT,3240931548135,,3.150,,EUR,2024-05-30,2738,29095,GDPR_REQUEST,France,Lunel,True,True,True,True,True,True,False,True,True
98718,PRODUCT,3240931548135,,3.130,,EUR,2024-06-20,2738,29095,GDPR_REQUEST,France,Lunel,True,True,True,True,True,True,False,True,True
98985,PRODUCT,3240931548135,,3.190,,EUR,2024-08-30,2738,29095,GDPR_REQUEST,France,Lunel,True,True,True,True,True,True,False,True,True
99142,PRODUCT,3240931548135,,3.100,,EUR,2024-10-16,2738,29095,GDPR_REQUEST,France,Lunel,True,True,True,True,True,True,False,True,True
99224,PRODUCT,3240931548135,,3.130,,EUR,2024-11-16,2738,29095,GDPR_REQUEST,France,Lunel,True,True,True,True,True,True,False,True,True
99299,PRODUCT,3240931548135,,3.130,,EUR,2024-12-05,2738,29095,GDPR_REQUEST,France,Lunel,True,True,True,True,True,True,False,True,True
99438,PRODUCT,3240931548135,,2.970,,EUR,2025-01-11,2738,29095,GDPR_REQUEST,France,Lunel,True,True,True,True,True,True,False,True,True
99533,PRODUCT,3240931548135,,3.070,,EUR,2025-01-28,2738,29095,GDPR_REQUEST,France,Lunel,True,True,True,True,True,True,False,True,True
99593,PRODUCT,3240931548135,,3.080,,EUR,2025-02-11,2738,29095,GDPR_REQUEST,France,Lunel,True,True,True,True,True,True,False,True,True
99641,PRODUCT,3240931548135,,3.080,,EUR,2025-02-22,2738,29095,GDPR_REQUEST,France,Lunel,True,True,True,True,True,True,False,True,True
99728,PRODUCT,3240931548135,,2.930,,EUR,2025-03-18,2738,29095,GDPR_REQUEST,France,Lunel,True,True,True,True,True,True,False,True,True
99829,PRODUCT,3240931548135,,2.930,,EUR,2025-04-14,2738,29095,GDPR_REQUEST,France,Lunel,True,True,True,True,True,True,False,True,True
100199,PRODUCT,3222471055113,,1.230,,EUR,2025-02-05,131,21379,PRICE_TAG,France,Grenoble,True,True,True,True,True,True,True,True,True
102923,PRODUCT,3760020507916,,3.390,,EUR,2025-05-03,3,30330,PRICE_TAG,France,Grenoble,True,True,True,True,True,True,False,True,True
104090,PRODUCT,3165959213028,,2.850,,EUR,2025-05-07,2740,30467,PRICE_TAG,France,Paris,True,True,True,True,True,True,False,True,True
113912,PRODUCT,3033491279294,,2.450,,EUR,2025-05-16,1831,32589,RECEIPT,France,Clichy,True,True,True,True,True,True,True,True,True
113956,PRODUCT,8719200265578,,2.990,,GBP,2025-05-16,364,32593,RECEIPT,United Kingdom,Hartlepool,True,True,True,True,True,True,False,True,True
113959,PRODUCT,8719200265578,,3.250,,GBP,2025-05-16,342,32590,RECEIPT,United Kingdom,Hartlepool,True,True,True,True,True,True,True,True,True
115858,PRODUCT,3019089042228,,1.840,,EUR,2025-05-20,171,32938,PRICE_TAG,France,Échirolles,True,True,True,True,True,True,False,True,True
116485,PRODUCT,3256224255017,,1.760,,EUR,2025-05-20,992,33203,PRICE_TAG,France,Grenoble,True,True,True,True,True,True,False,True,True
117486,PRODUCT,3770018078151,,2.330,,EUR,2025-05-23,2965,33476,RECEIPT,France,Les Abrets,True,True,True,True,True,True,False,True,True
118542,PRODUCT,3560070283484,,1.250,,EUR,2025-06-01,40,33959,RECEIPT,France,Paris,True,True,True,True,True,True,False,True,True
119595,PRODUCT,3560070283484,,1.250,,EUR,2025-06-06,40,34353,RECEIPT,France,Paris,True,True,True,True,True,True,False,True,True
121130,PRODUCT,3456300014556,,3.050,,EUR,2025-06-16,3,35262,PRICE_TAG,France,Grenoble,True,True,True,True,True,True,False,True,True
121158,PRODUCT,3760020507916,,3.390,,EUR,2025-06-16,3,35263,PRICE_TAG,France,Grenoble,True,True,True,True,True,True,False,True,True
122034,PRODUCT,3412290023909,,179.000,,THB,2025-06-08,3175,35591,PRICE_TAG,ประเทศไทย,กรุงเทพมหานคร,True,True,True,True,True,True,False,True,True
122184,PRODUCT,3302740047312,,3.150,,EUR,2025-06-23,2999,35645,PRICE_TAG,France,Vandœuvre-lès-Nancy,True,True,True,True,True,True,False,True,True
122355,PRODUCT,3560070206469,,3.410,,EUR,2025-06-24,1471,35724,PRICE_TAG,France,Baie-Mahault,True,True,True,True,True,True,False,True,True
123683,PRODUCT,3760020507916,,3.350,,EUR,2025-07-04,345,36546,RECEIPT,France,Paris,True,True,True,True,True,True,False,True,True
123745,PRODUCT,3560070283484,,1.250,,EUR,2025-07-04,40,36561,RECEIPT,France,Paris,True,True,True,True,True,True,False,True,True
124568,PRODUCT,3560071266721,,1.690,,EUR,2025-07-07,3356,36905,RECEIPT,France,Le Havre,True,True,True,True,True,True,False,True,True
128371,PRODUCT,3560070283484,,1.250,,EUR,2025-07-26,40,38915,RECEIPT,France,Paris,True,True,True,True,True,True,False,True,True
129026,PRODUCT,2000000152949,,10.000,,AFN,2025-07-28,3514,39163,PRICE_TAG,افغانستان,کابل,True,True,True,True,True,True,True,True,True
129641,PRODUCT,3560070283484,,1.250,,EUR,2025-07-31,40,39647,RECEIPT,France,Paris,True,True,True,True,True,True,False,True,True
130332,PRODUCT,3560070283484,,1.250,,EUR,2025-08-04,40,40153,RECEIPT,France,Paris,True,True,True,True,True,True,False,True,True
130883,PRODUCT,3019089042228,,2.590,,EUR,2025-08-07,3610,40423,PRICE_TAG,France,Nancy,True,True,True,True,True,True,False,True,True
131242,PRODUCT,8002470031937,,5.990,,EUR,2023-11-04,520,40781,RECEIPT,Deutschland,Fellbach,True,True,True,True,True,True,False,True,True
131456,PRODUCT,3038359004544,,1.150,,EUR,2025-08-11,47,40974,RECEIPT,France,Vincennes,True,True,True,True,True,True,False,True,True
136439,PRODUCT,3500390010247,,17.850,,EUR,2025-09-01,1,46966,RECEIPT,France,Grenoble,True,True,True,True,True,True,False,True,True
136973,PRODUCT,3038359004544,,1.150,,EUR,2025-09-05,47,47465,RECEIPT,France,Vincennes,True,True,True,True,True,True,False,True,True
137193,PRODUCT,3019089042228,,2.190,,EUR,2025-09-08,3269,47677,PRICE_TAG,France,Jarville-la-Malgrange,True,True,True,True,True,True,False,True,True
140661,PRODUCT,0021130494859,,2.990,,USD,2025-09-22,3998,48873,PRICE_TAG,United States,Mountain View,True,True,True,True,True,True,True,True,True
140811,PRODUCT,3760020507916,,3.390,,EUR,2025-09-25,3,49073,PRICE_TAG,France,Grenoble,True,True,True,True,True,True,False,True,True
141190,PRODUCT,0021130494859,,2.990,,USD,2025-09-22,3998,48834,PRICE_TAG,United States,Mountain View,True,True,True,True,True,True,False,True,True
147185,PRODUCT,0796252300295,,6.990,,USD,2025-10-06,4120,51285,RECEIPT,United States,Mountain View,True,True,True,True,True,True,False,True,True
147347,PRODUCT,3033491451652,,2.430,,EUR,2025-07-28,4214,51293,RECEIPT,,,True,True,True,True,True,True,False,True,True
147494,PRODUCT,3760020507916,,3.450,,EUR,2025-10-07,1185,51323,PRICE_TAG,France,Lyon,True,True,True,True,True,True,False,True,True
147738,PRODUCT,3033491451652,,2.430,,EUR,2025-09-26,1846,51362,RECEIPT,France,Perpignan,True,True,True,True,True,True,False,True,True
149460,PRODUCT,0796252300295,,6.990,,USD,2025-10-11,4120,51696,RECEIPT,United States,Mountain View,True,True,True,True,True,True,False,True,True
149833,PRODUCT,3019089042228,,2.180,,EUR,2025-10-11,1660,51837,PRICE_TAG,France,Lamure-sur-Azergues,True,True,True,True,True,True,False,True,True
153179,PRODUCT,0796252300295,,6.990,,USD,2025-10-20,4120,52675,RECEIPT,United States,Mountain View,True,True,True,True,True,True,False,True,True
154427,PRODUCT,0796252300295,,6.990,,USD,2025-10-25,4120,53233,RECEIPT,United States,Mountain View,True,True,True,True,True,True,False,True,True
156383,PRODUCT,3038359004544,,0.960,,EUR,2025-10-30,3200,53947,PRICE_TAG,France,Vandœuvre-lès-Nancy,True,True,True,True,True,True,True,True,True
156884,PRODUCT,3760020507916,,2.650,,EUR,2025-11-01,4409,54802,RECEIPT,France,Port,True,True,True,True,True,True,False,True,True
156893,PRODUCT,3760020507916,,2.650,,EUR,2025-11-01,4409,54819,PRICE_TAG,France,Port,True,True,True,True,True,True,False,True,True
158143,PRODUCT,0796252300295,,6.990,,USD,2025-11-04,4120,55267,RECEIPT,United States,Mountain View,True,True,True,True,True,True,False,True,True
159780,PRODUCT,3456300014556,,2.450,,EUR,2025-11-01,4409,54819,PRICE_TAG,France,Port,True,True,True,True,True,True,False,True,True
160349,PRODUCT,00204682,,7.990,,USD,2025-11-09,3999,56081,PRICE_TAG,United States,Mountain View,True,True,True,True,True,True,True,True,True
160651,PRODUCT,0796252300295,,6.990,,USD,2025-11-09,4065,56121,RECEIPT,United States,Sunnyvale,True,True,True,True,True,True,False,True,True
161672,PRODUCT,4061464487482,,3.490,,EUR,2025-10-31,468,56325,PRICE_TAG,Deutschland,,True,True,True,True,True,True,False,True,True
163122,PRODUCT,0048500205723,,4.990,,USD,2025-11-12,3998,56630,PRICE_TAG,United States,Mountain View,True,True,True,True,True,True,True,True,True
164352,PRODUCT,0796252300295,,6.990,,USD,2025-11-16,4532,57078,RECEIPT,United States of America,Fremont,True,True,True,True,True,True,False,True,True
164391,PRODUCT,3456300014556,,2.550,,EUR,2025-11-16,2015,57203,PRICE_TAG,France,Saint-Martin-d'Hères,True,True,True,True,True,True,False,True,True
164627,PRODUCT,3266140053581,,22.320,,EUR,2025-11-16,2015,57201,PRICE_TAG,France,Saint-Martin-d'Hères,True,True,True,True,True,True,False,True,True
164879,PRODUCT,3760020507916,,2.690,,EUR,2025-11-16,2015,57203,PRICE_TAG,France,Saint-Martin-d'Hères,True,True,True,True,True,True,False,True,True
164995,PRODUCT,3183811008117,,4.500,,EUR,2025-11-14,49,56810,PRICE_TAG,France,Grenoble,True,True,True,True,True,True,False,True,True
167227,PRODUCT,3456300014556,,2.500,,EUR,2025-11-24,2552,58177,PRICE_TAG,France,Fontaine,True,True,True,True,True,True,False,True,True
167237,PRODUCT,3760020507916,,2.150,,EUR,2025-11-24,2552,58178,PRICE_TAG,France,Fontaine,True,True,True,True,True,True,False,True,True
167341,PRODUCT,3220035229611,,3.060,,EUR,2025-11-24,4621,58227,PRICE_TAG,France,Lyon,True,True,True,True,True,True,False,True,True
167861,PRODUCT,3033491350795,,1.650,,EUR,2025-11-27,3,58441,PRICE_TAG,France,Grenoble,True,True,True,True,True,True,False,True,True
167876,PRODUCT,3033491350795,,1.650,,EUR,2025-11-27,3,58445,RECEIPT,France,Grenoble,True,True,True,True,True,True,False,True,True
168185,PRODUCT,0796252300295,,6.990,,USD,2025-11-28,4120,58525,RECEIPT,United States,Mountain View,True,True,True,True,True,True,False,True,True
169381,PRODUCT,3456300014556,,3.520,,EUR,2025-12-03,1,59002,PRICE_TAG,France,Grenoble,True,True,True,True,True,True,False,True,True
169384,PRODUCT,3760020507916,,3.240,,EUR,2025-12-03,1,59002,PRICE_TAG,France,Grenoble,True,True,True,True,True,True,False,True,True
169545,PRODUCT,3033491350795,,1.650,,EUR,2025-12-04,3,59066,RECEIPT,France,Grenoble,True,True,True,True,True,True,False,True,True
170409,PRODUCT,8000500391228,,3.470,,EUR,2025-12-07,3,59375,PRICE_TAG,France,Grenoble,True,True,True,True,True,True,False,True,True
172023,PRODUCT,0796252300295,,6.990,,USD,2025-12-12,4120,60297,RECEIPT,United States,Mountain View,True,True,True,True,True,True,False,True,True
172963,PRODUCT,3038359004544,,0.990,,EUR,2025-12-15,34,60617,RECEIPT,France,Bresson,True,True,True,True,True,True,False,True,True
173675,PRODUCT,3033491451652,,2.390,,EUR,2025-12-17,1846,60947,RECEIPT,France,Perpignan,True,True,True,True,True,True,False,True,True
174384,PRODUCT,0021500042178,,2.990,,USD,2025-10-19,3998,60982,PRICE_TAG,United States,Mountain View,True,True,True,True,True,True,True,True,True
174999,PRODUCT,3760090370571,,7.990,,EUR,2025-12-23,20,61364,PRICE_TAG,France,Grenoble,True,True,True,True,True,True,False,True,True
175428,PRODUCT,0796252300295,,6.990,,USD,2025-12-26,4065,61555,RECEIPT,United States,Sunnyvale,True,True,True,True,True,True,False,True,True
176865,PRODUCT,3423182102411,,4.550,,EUR,2025-12-31,1,61962,SHOP_IMPORT,France,Grenoble,True,True,True,True,True,True,False,True,True
176906,PRODUCT,3456300014556,,3.720,,EUR,2025-12-31,1,61962,SHOP_IMPORT,France,Grenoble,True,True,True,True,True,True,False,True,True
176987,PRODUCT,3500390010247,,18.030,,EUR,2025-12-31,1,61962,SHOP_IMPORT,France,Grenoble,True,True,True,True,True,True,False,True,True
177233,PRODUCT,3760020507916,,3.570,,EUR,2025-12-31,1,61962,SHOP_IMPORT,France,Grenoble,True,True,True,True,True,True,False,True,True
177858,PRODUCT,3038353911909,,2.510,,EUR,2025-09-17,4832,61960,SHOP_IMPORT,France,Metz,True,True,True,True,True,True,False,True,True
178425,PRODUCT,3580281710067,,1.460,,EUR,2025-09-17,4832,61960,SHOP_IMPORT,France,Metz,True,True,True,True,True,True,False,True,True
184426,PRODUCT,0034500420686,,1.990,,USD,2026-01-11,4805,63166,RECEIPT,United States,Huntington Station,True,True,True,True,True,True,False,True,True
185695,PRODUCT,8000500391228,,3.990,,EUR,2026-01-17,2977,63660,PRICE_TAG,France,Paris,True,True,True,True,True,True,False,True,True
188045,PRODUCT,3023260027607,,4.090,,EUR,2026-01-23,4587,64442,RECEIPT,France,Vannes,True,True,True,True,True,True,False,True,True
188372,PRODUCT,3033491350795,,2.300,,EUR,2026-01-23,1948,64580,PRICE_TAG,France,Clichy,True,True,True,True,True,True,False,True,True
189113,PRODUCT,0796252300295,,6.990,,USD,2026-01-23,4065,64833,RECEIPT,United States,Sunnyvale,True,True,True,True,True,True,False,True,True
189988,PRODUCT,3045320517699,,2.560,,EUR,2026-01-24,5015,65159,PRICE_TAG,France,Clichy,True,True,True,True,True,True,False,True,True
191567,PRODUCT,3270190023524,,2.550,,EUR,2026-01-25,2727,65701,PRICE_TAG,France,Saint-Ouen-sur-Seine,True,True,True,True,True,True,True,True,True
192654,PRODUCT,3045320517699,,3.750,,EUR,2026-01-27,1831,66550,PRICE_TAG,France,Clichy,True,True,True,True,True,True,False,True,True
192660,PRODUCT,3297760097969,,2.550,,EUR,2026-01-27,1831,66546,PRICE_TAG,France,Clichy,True,True,True,True,True,True,False,True,True
193761,PRODUCT,3250390564843,,2.060,,EUR,2026-01-29,10,67176,PRICE_TAG,France,Grenoble,True,True,True,True,True,True,True,True,True
194612,PRODUCT,3240931548135,,2.830,,EUR,2026-01-30,1920,67635,PRICE_TAG,France,Clichy,True,True,True,True,True,True,False,True,True
194671,PRODUCT,3280220908073,,1.420,,EUR,2026-01-30,1920,67501,PRICE_TAG,France,Clichy,True,True,True,True,True,True,False,True,True
195628,PRODUCT,3450970173834,,2.170,,EUR,2026-01-31,1920,68369,PRICE_TAG,France,Clichy,True,True,True,True,True,True,False,True,True
196246,PRODUCT,3019089042228,,2.500,,EUR,2026-01-31,3,68595,PRICE_TAG,France,Grenoble,True,True,True,True,True,True,False,True,True
196475,PRODUCT,3770014111777,,2.450,,EUR,2026-01-31,2217,68675,PRICE_TAG,France,Clichy,True,True,True,True,True,True,False,True,True
197031,PRODUCT,3033491279294,,2.050,,EUR,2026-02-01,2217,68797,PRICE_TAG,France,Clichy,True,True,True,True,True,True,False,True,True
197210,PRODUCT,5000112611878,,1.770,,EUR,2026-02-01,2217,68950,PRICE_TAG,France,Clichy,True,True,True,True,True,True,False,True,True
197339,PRODUCT,3770014111777,,2.450,,EUR,2026-02-01,2217,68877,PRICE_TAG,France,Clichy,True,True,True,True,True,True,False,True,True
197407,PRODUCT,3250390564843,,2.350,,EUR,2026-02-01,2217,69019,PRICE_TAG,France,Clichy,True,True,True,True,True,True,False,True,True
197865,PRODUCT,5000112611878,,2.260,,EUR,2026-02-01,3995,69461,PRICE_TAG,France,Paris,True,True,True,True,True,True,False,True,True
198341,PRODUCT,5000112611878,,2.090,,EUR,2026-02-02,5015,69711,PRICE_TAG,France,Clichy,True,True,True,True,True,True,False,True,True
198359,PRODUCT,3297760097969,,2.000,,EUR,2026-02-02,5015,69618,PRICE_TAG,France,Clichy,True,True,True,True,True,True,False,True,True
198632,PRODUCT,8000500391228,,3.470,,EUR,2026-02-02,3,69871,PRICE_TAG,France,Grenoble,True,True,True,True,True,True,False,True,True
198692,PRODUCT,3760020507916,,3.390,,EUR,2026-02-02,3,69906,PRICE_TAG,France,Grenoble,True,True,True,True,True,True,False,True,True
199402,PRODUCT,3770018078151,,3.590,,EUR,2026-02-03,3877,70500,PRICE_TAG,France,Arcueil,True,True,True,True,True,True,False,True,True
199431,PRODUCT,5000112611878,,1.750,,EUR,2026-02-03,3877,70462,PRICE_TAG,France,Arcueil,True,True,True,True,True,True,False,True,True
199870,PRODUCT,8000500391228,,3.250,,EUR,2026-02-03,3877,70351,PRICE_TAG,France,Arcueil,True,True,True,True,True,True,False,True,True
201033,PRODUCT,3033491279294,,1.700,,EUR,2026-02-04,1920,71886,PRICE_TAG,France,Clichy,True,True,True,True,True,True,False,True,True
201123,PRODUCT,8000500391228,,2.760,,EUR,2026-02-04,1920,71767,PRICE_TAG,France,Clichy,True,True,True,True,True,True,False,True,True
201258,PRODUCT,5000112611878,,1.680,,EUR,2026-02-04,1920,71365,PRICE_TAG,France,Clichy,True,True,True,True,True,True,False,True,True
201438,PRODUCT,3045320517699,,2.250,,EUR,2026-02-04,1920,71912,PRICE_TAG,France,Clichy,True,True,True,True,True,True,False,True,True
201997,PRODUCT,3770018078151,,3.750,,EUR,2026-02-04,2812,72115,PRICE_TAG,France,Clichy,True,True,True,True,True,True,False,True,True
202083,PRODUCT,3045320517699,,2.930,,EUR,2026-02-04,2812,72214,PRICE_TAG,France,Clichy,True,True,True,True,True,True,False,True,True
202253,PRODUCT,3760020507916,,3.390,,EUR,2026-02-04,3,72283,RECEIPT,France,Grenoble,True,True,True,True,True,True,False,True,True
203256,PRODUCT,5000112611878,,1.680,,EUR,2026-02-05,57,72450,PRICE_TAG,France,Levallois-Perret,True,True,True,True,True,True,False,True,True
203578,PRODUCT,3033491350795,,1.840,,EUR,2026-02-05,2577,73224,PRICE_TAG,France,Clichy,True,True,True,True,True,True,False,True,True
204180,PRODUCT,3770018078151,,3.390,,EUR,2026-02-06,3449,73534,RECEIPT,France,Montreuil,True,True,True,True,True,True,False,True,True
205213,PRODUCT,3038359004544,,1.020,,EUR,2026-02-07,1920,74675,PRICE_TAG,France,Clichy,True,True,True,True,True,True,False,True,True
205653,PRODUCT,8000500391228,,2.780,,EUR,2026-02-07,1920,74508,PRICE_TAG,France,Clichy,True,True,True,True,True,True,False,True,True
205829,PRODUCT,3450970173834,,2.140,,EUR,2026-02-07,1920,74094,PRICE_TAG,France,Clichy,True,True,True,True,True,True,False,True,True
206074,PRODUCT,3038353911909,,2.310,,EUR,2026-02-07,1920,74151,PRICE_TAG,France,Clichy,True,True,True,True,True,True,True,True,True
206706,PRODUCT,3302740047312,,2.580,,EUR,2026-02-07,1920,73909,PRICE_TAG,France,Clichy,True,True,True,True,True,True,False,True,True
206923,PRODUCT,3242272981053,,3.080,,EUR,2026-02-07,4315,75323,PRICE_TAG,France,Clichy,True,True,True,True,True,True,False,True,True
208213,PRODUCT,5000112611878,,1.480,,EUR,2026-02-08,4973,75912,PRICE_TAG,France,Gennevilliers,True,True,True,True,True,True,False,True,True
208962,PRODUCT,3033491350795,,1.640,,EUR,2026-02-08,4973,75692,PRICE_TAG,France,Gennevilliers,True,True,True,True,True,True,False,True,True
209016,PRODUCT,3045320517699,,2.140,,EUR,2026-02-08,4973,76787,PRICE_TAG,France,Gennevilliers,True,True,True,True,True,True,True,True,True
211122,PRODUCT,3033491350795,,2.300,,EUR,2026-02-09,1948,77283,PRICE_TAG,France,Clichy,True,True,True,True,True,True,False,True,True
211410,PRODUCT,8000500391228,,3.990,,EUR,2026-02-09,2977,77393,PRICE_TAG,France,Paris,True,True,True,True,True,True,False,True,True
211687,PRODUCT,3033491451652,,3.420,,EUR,2026-02-09,2977,77337,PRICE_TAG,France,Paris,True,True,True,True,True,True,False,True,True
211741,PRODUCT,3033491350795,,1.970,,EUR,2026-02-09,2977,77339,PRICE_TAG,France,Paris,True,True,True,True,True,True,True,True,True
211745,PRODUCT,3273220530375,,1.650,,EUR,2026-02-09,2977,77338,PRICE_TAG,France,Paris,True,True,True,True,True,True,False,True,True
212331,PRODUCT,8000500391228,,3.590,,EUR,2026-02-10,4220,78045,PRICE_TAG,France,Arcueil,True,True,True,True,True,True,False,True,True
212353,PRODUCT,5000112611878,,2.190,,EUR,2026-02-10,4220,77959,PRICE_TAG,France,Arcueil,True,True,True,True,True,True,False,True,True
212479,PRODUCT,3240931548135,,3.790,,EUR,2026-02-10,4220,77746,PRICE_TAG,France,Arcueil,True,True,True,True,True,True,False,True,True
212734,PRODUCT,3220035229611,,2.890,,EUR,2026-02-10,4220,78164,PRICE_TAG,France,Arcueil,True,True,True,True,True,True,False,True,True
213080,PRODUCT,3033491279294,,1.680,,EUR,2026-02-08,4973,75719,PRICE_TAG,France,Gennevilliers,True,True,True,True,True,True,False,True,True
213499,PRODUCT,8000500391228,,3.990,,EUR,2026-02-10,2028,78365,PRICE_TAG,France,Paris,True,True,True,True,True,True,True,True,True
213522,PRODUCT,3302740047312,,3.080,,EUR,2026-02-10,5015,78229,PRICE_TAG,France,Clichy,True,True,True,True,True,True,True,True,True
214436,PRODUCT,3045320517699,,3.750,,EUR,2026-02-11,1831,79461,PRICE_TAG,France,Clichy,True,True,True,True,True,True,False,True,True
214701,PRODUCT,3242272981053,,2.970,,EUR,2026-02-11,5227,79628,PRICE_TAG,France,Vandœuvre-lès-Nancy,True,True,True,True,True,True,False,True,True
215354,PRODUCT,8000500391228,,3.990,,EUR,2026-02-11,2977,79669,PRICE_TAG,France,Paris,True,True,True,True,True,True,False,True,True
215568,PRODUCT,8000500391228,,3.470,,EUR,2026-02-12,5235,79764,PRICE_TAG,France,Bagneux,True,True,True,True,True,True,False,True,True
215735,PRODUCT,5000112611878,,1.900,,EUR,2026-02-12,5235,79901,PRICE_TAG,France,Bagneux,True,True,True,True,True,True,True,True,True
215818,PRODUCT,5000112611878,,1.900,,EUR,2026-02-12,5235,79904,PRICE_TAG,France,Bagneux,True,True,True,True,True,True,False,True,True
216014,PRODUCT,3033491350795,,2.050,,EUR,2026-02-12,2812,80045,PRICE_TAG,France,Clichy,True,True,True,True,True,True,False,True,True
216904,PRODUCT,5000112611878,,1.990,,EUR,2026-02-13,2224,80417,PRICE_TAG,France,Paris,True,True,True,True,True,True,False,True,True
216945,PRODUCT,8000500391228,,3.490,,EUR,2026-02-13,2224,80293,PRICE_TAG,France,Paris,True,True,True,True,True,True,False,True,True
217065,PRODUCT,3033491350795,,1.690,,EUR,2026-02-13,2224,81106,PRICE_TAG,France,Paris,True,True,True,True,True,True,False,True,True
217261,PRODUCT,3560071266721,,1.690,,EUR,2026-02-13,2224,80864,PRICE_TAG,France,Paris,True,True,True,True,True,True,False,True,True
217523,PRODUCT,3297760097969,,1.850,,EUR,2026-02-13,2224,81119,PRICE_TAG,France,Paris,True,True,True,True,True,True,False,True,True
217602,PRODUCT,3045320517699,,2.550,,EUR,2026-02-13,2224,81196,PRICE_TAG,France,Paris,True,True,True,True,True,True,False,True,True
217687,PRODUCT,3456300014556,,2.390,,EUR,2026-02-13,2224,80855,PRICE_TAG,France,Paris,True,True,True,True,True,True,False,True,True
218325,PRODUCT,3045320517699,,2.550,,EUR,2026-02-13,2224,81201,PRICE_TAG,France,Paris,True,True,True,True,True,True,False,True,True
218389,PRODUCT,3297760097969,,1.110,,EUR,2026-02-13,2224,81116,PRICE_TAG,France,Paris,True,True,True,True,True,True,False,True,True
222314,PRODUCT,3450970173834,,2.300,,EUR,2026-02-15,4973,82979,PRICE_TAG,France,Gennevilliers,True,True,True,True,True,True,False,True,True
222850,PRODUCT,3033491279294,,2.050,,EUR,2026-02-15,2217,84013,PRICE_TAG,France,Clichy,True,True,True,True,True,True,False,True,True
222875,PRODUCT,3033491350795,,1.860,,EUR,2026-02-15,2217,84016,PRICE_TAG,France,Clichy,True,True,True,True,True,True,False,True,True
223897,PRODUCT,3033491350795,,1.900,,EUR,2026-02-17,5015,84533,PRICE_TAG,France,Clichy,True,True,True,True,True,True,False,True,True
224485,PRODUCT,3033491350795,,2.050,,EUR,2026-02-18,2812,84790,PRICE_TAG,France,Clichy,True,True,True,True,True,True,False,True,True
224867,PRODUCT,3770018078151,,3.410,,EUR,2026-02-18,1920,85167,PRICE_TAG,France,Clichy,True,True,True,True,True,True,False,True,True
224978,PRODUCT,8000500391228,,2.870,,EUR,2026-02-18,1920,85006,PRICE_TAG,France,Clichy,True,True,True,True,True,True,False,True,True
224979,PRODUCT,8000500391228,,2.870,,EUR,2026-02-18,1920,85005,PRICE_TAG,France,Clichy,True,True,True,True,True,True,False,True,True
224980,PRODUCT,8000500391228,,2.870,,EUR,2026-02-18,1920,85005,PRICE_TAG,France,Clichy,True,True,True,True,True,True,False,True,True
226410,PRODUCT,3770018078151,,3.410,,EUR,2026-02-21,1920,87106,PRICE_TAG,France,Clichy,True,True,True,True,True,True,False,True,True
226412,PRODUCT,3770018078151,,3.410,,EUR,2026-02-21,1920,87106,PRICE_TAG,France,Clichy,True,True,True,True,True,True,False,True,True
226989,PRODUCT,3165959213028,,2.290,,EUR,2026-02-21,1920,87795,PRICE_TAG,France,Clichy,True,True,True,True,True,True,True,True,True
227729,PRODUCT,8000500391228,,2.870,,EUR,2026-02-21,1920,88349,PRICE_TAG,France,Clichy,True,True,True,True,True,True,False,True,True
228143,PRODUCT,3019089042228,,2.080,,EUR,2026-02-21,1920,87828,PRICE_TAG,France,Clichy,True,True,True,True,True,True,False,True,True
228372,PRODUCT,3165959213028,,2.290,,EUR,2026-02-21,1920,87792,PRICE_TAG,France,Clichy,True,True,True,True,True,True,False,True,True
228453,PRODUCT,3240931548135,,2.820,,EUR,2026-02-21,1920,87047,PRICE_TAG,France,Clichy,True,True,True,True,True,True,False,True,True
229424,PRODUCT,3302740047312,,2.550,,EUR,2026-02-20,1920,85717,PRICE_TAG,France,Clichy,True,True,True,True,True,True,False,True,True
229854,PRODUCT,3033491279294,,1.710,,EUR,2026-02-20,1920,85792,PRICE_TAG,France,Clichy,True,True,True,True,True,True,False,True,True
230297,PRODUCT,3302740047312,,2.780,,EUR,2026-02-22,4973,89047,PRICE_TAG,France,Gennevilliers,True,True,True,True,True,True,False,True,True
230301,PRODUCT,3302740047312,,2.780,,EUR,2026-02-22,4973,89044,PRICE_TAG,France,Gennevilliers,True,True,True,True,True,True,False,True,True
231125,PRODUCT,0034500420686,,1.570,,USD,2026-02-22,5085,89616,RECEIPT,United States,Town of Smithtown,True,True,True,True,True,True,True,True,True
231126,PRODUCT,0034500420686,,1.570,,USD,2026-02-22,5085,89616,RECEIPT,United States,Town of Smithtown,True,True,True,True,True,True,True,True,True
231166,PRODUCT,8000500391228,,3.990,,EUR,2026-02-22,2977,89687,PRICE_TAG,France,Paris,True,True,True,True,True,True,False,True,True
232628,PRODUCT,7622210231277,,2.300,,EUR,2026-02-23,1831,89890,PRICE_TAG,France,Clichy,True,True,True,True,True,True,True,True,True
232751,PRODUCT,0021130306022,,3.490,,USD,2026-02-16,5032,90181,PRICE_TAG,United States,Mountain View,True,True,True,True,True,True,True,True,True
234727,PRODUCT,3242272981053,,2.780,,EUR,2026-03-01,4973,91875,PRICE_TAG,France,Gennevilliers,True,True,True,True,True,True,False,True,True
234863,PRODUCT,3297760097969,,1.740,,EUR,2026-03-01,4973,92405,PRICE_TAG,France,Gennevilliers,True,True,True,True,True,True,False,True,True
237604,PRODUCT,5000112611878,,1.990,,EUR,2026-03-05,5350,92940,PRICE_TAG,France,Paris,True,True,True,True,True,True,False,True,True
237635,PRODUCT,8000500391228,,2.870,,EUR,2026-03-05,1920,92955,PRICE_TAG,France,Clichy,True,True,True,True,True,True,False,True,True
237924,PRODUCT,3760341070236,,1.510,,EUR,2026-03-05,1920,93392,PRICE_TAG,France,Clichy,True,True,True,True,True,True,False,True,True
238791,PRODUCT,8994963002794,,0.590,,EUR,2026-03-05,5556,93651,RECEIPT,Deutschland,München,True,True,True,True,True,True,True,True,True
238792,PRODUCT,8994963002794,,0.590,,EUR,2026-03-05,5556,93651,RECEIPT,Deutschland,München,True,True,True,True,True,True,True,True,True
238835,PRODUCT,8000500391228,,2.870,,EUR,2026-03-05,1920,92961,PRICE_TAG,France,Clichy,True,True,True,True,True,True,False,True,True
239119,PRODUCT,8000500391228,,3.800,,EUR,2026-03-06,3995,93710,PRICE_TAG,France,Paris,True,True,True,True,True,True,False,True,True
239179,PRODUCT,0796252300295,,6.990,,USD,2026-03-06,4120,93733,RECEIPT,United States,Mountain View,True,True,True,True,True,True,True,True,True
239304,PRODUCT,3033491279294,,1.710,,EUR,2026-03-07,1920,93912,PRICE_TAG,France,Clichy,True,True,True,True,True,True,False,True,True
239346,PRODUCT,3297760097969,,1.700,,EUR,2026-03-07,1920,93896,PRICE_TAG,France,Clichy,True,True,True,True,True,True,False,True,True
239383,PRODUCT,3045320517699,,2.320,,EUR,2026-03-07,1920,93886,PRICE_TAG,France,Clichy,True,True,True,True,True,True,False,True,True
239771,PRODUCT,3045320517699,,2.320,,EUR,2026-03-07,1920,93886,PRICE_TAG,France,Clichy,True,True,True,True,True,True,False,True,True
240405,PRODUCT,3760020507916,,3.300,,EUR,2026-03-07,5015,94190,PRICE_TAG,France,Clichy,True,True,True,True,True,True,False,True,True
241244,PRODUCT,3412290023909,,1.790,,EUR,2026-03-08,4973,94883,PRICE_TAG,France,Gennevilliers,True,True,True,True,True,True,False,True,True
241785,PRODUCT,3123930711758,,3.600,,EUR,2026-03-08,4973,94899,PRICE_TAG,France,Gennevilliers,True,True,True,True,True,True,False,True,True
242188,PRODUCT,3760090370571,,7.150,,EUR,2026-03-10,4291,95577,PRICE_TAG,France,Nancy,True,True,True,True,True,True,True,True,True
242727,PRODUCT,3045320517699,,2.560,,EUR,2026-03-12,5015,95875,PRICE_TAG,France,Clichy,True,True,True,True,True,True,False,True,True
243424,PRODUCT,8000500391228,,2.870,,EUR,2026-03-14,1920,96037,PRICE_TAG,France,Clichy,True,True,True,True,True,True,False,True,True
243733,PRODUCT,3165959213028,,2.890,,EUR,2026-03-11,8,95741,PRICE_TAG,France,Grenoble,True,True,True,True,True,True,False,True,True
245112,PRODUCT,3045320517699,,3.750,,EUR,2026-03-16,1831,97046,PRICE_TAG,France,Clichy,True,True,True,True,True,True,False,True,True
245407,PRODUCT,3456300014556,,2.600,,EUR,2026-03-16,1387,97170,PRICE_TAG,France,Paris,True,True,True,True,True,True,False,True,True
245421,PRODUCT,3045320517699,,3.750,,EUR,2026-03-16,1387,97119,PRICE_TAG,France,Paris,True,True,True,True,True,True,False,True,True
245840,PRODUCT,3456300014556,,2.600,,EUR,2026-03-17,1387,97367,PRICE_TAG,France,Paris,True,True,True,True,True,True,False,True,True
246264,PRODUCT,3033491350795,,1.900,,EUR,2026-03-18,5015,97464,PRICE_TAG,France,Clichy,True,True,True,True,True,True,False,True,True
247928,PRODUCT,5000112611878,,1.690,,EUR,2026-03-19,1920,97759,PRICE_TAG,France,Clichy,True,True,True,True,True,True,False,True,True
249117,PRODUCT,3266140053581,,22.780,,EUR,2026-03-21,2015,99124,PRICE_TAG,France,Saint-Martin-d'Hères,True,True,True,True,True,True,False,True,True
249185,PRODUCT,3456300014556,,2.550,,EUR,2026-03-21,2015,99115,PRICE_TAG,France,Saint-Martin-d'Hères,True,True,True,True,True,True,False,True,True
249206,PRODUCT,3456300014556,,2.310,,EUR,2026-03-21,2015,99146,RECEIPT,France,Saint-Martin-d'Hères,True,True,True,True,True,True,False,True,True
249207,PRODUCT,3760020507916,,2.350,,EUR,2026-03-21,2015,99146,RECEIPT,France,Saint-Martin-d'Hères,True,True,True,True,True,True,False,True,True
249274,PRODUCT,5000112611878,,1.820,,EUR,2026-03-22,2217,99228,PRICE_TAG,France,Clichy,True,True,True,True,True,True,False,True,True
249637,PRODUCT,3450970173834,,2.120,,EUR,2026-03-23,1920,99413,PRICE_TAG,France,Clichy,True,True,True,True,True,True,True,True,True
250672,PRODUCT,3297760097969,,1.850,,EUR,2026-03-25,2224,99940,PRICE_TAG,France,Paris,True,True,True,True,True,True,True,True,True
250779,PRODUCT,5000112611878,,2.050,,EUR,2026-03-25,2224,100244,PRICE_TAG,France,Paris,True,True,True,True,True,True,False,True,True
251027,PRODUCT,3560071266721,,1.690,,EUR,2026-03-25,2224,100346,PRICE_TAG,France,Paris,True,True,True,True,True,True,True,True,True
251092,PRODUCT,3033491279294,,1.750,,EUR,2026-03-25,2224,100118,PRICE_TAG,France,Paris,True,True,True,True,True,True,False,True,True
251238,PRODUCT,3045320517699,,2.550,,EUR,2026-03-25,2224,99951,PRICE_TAG,France,Paris,True,True,True,True,True,True,False,True,True
251911,PRODUCT,3033491451652,,2.440,,EUR,2026-03-26,1920,100784,PRICE_TAG,France,Clichy,True,True,True,True,True,True,False,True,True
251986,PRODUCT,3297760097969,,1.700,,EUR,2026-03-26,1920,100893,PRICE_TAG,France,Clichy,True,True,True,True,True,True,False,True,True
253400,PRODUCT,3760090370571,,6.990,,EUR,2026-03-27,1920,101397,PRICE_TAG,France,Clichy,True,True,True,True,True,True,False,True,True
256509,PRODUCT,3033491350795,,1.900,,EUR,2026-03-29,5015,103811,PRICE_TAG,France,Clichy,True,True,True,True,True,True,False,True,True
256687,PRODUCT,8000500391228,,3.490,,EUR,2026-03-30,5586,103999,PRICE_TAG,France,Gennevilliers,True,True,True,True,True,True,False,True,True
258162,PRODUCT,3045320517699,,2.560,,EUR,2026-04-02,5015,104334,PRICE_TAG,France,Clichy,True,True,True,True,True,True,False,True,True
258204,PRODUCT,3302740047312,,3.080,,EUR,2026-04-02,5015,104328,PRICE_TAG,France,Clichy,True,True,True,True,True,True,False,True,True
258319,PRODUCT,3266140053581,,19.750,,EUR,2026-04-02,34,104378,RECEIPT,France,Bresson,True,True,True,True,True,True,False,True,True
258523,PRODUCT,3033491350795,,1.720,,EUR,2026-04-02,1387,104440,PRICE_TAG,France,Paris,True,True,True,True,True,True,False,True,True
260044,PRODUCT,3270190023524,,1.760,,EUR,2026-04-05,5586,105520,PRICE_TAG,France,Gennevilliers,True,True,True,True,True,True,False,True,True
260113,PRODUCT,3270190023524,,1.760,,EUR,2026-04-05,5586,105521,PRICE_TAG,France,Gennevilliers,True,True,True,True,True,True,False,True,True
260519,PRODUCT,3045320517699,,2.390,,EUR,2026-04-05,5586,105313,PRICE_TAG,France,Gennevilliers,True,True,True,True,True,True,False,True,True
263130,PRODUCT,5000112611878,,1.890,,EUR,2026-04-07,3,107063,PRICE_TAG,France,Grenoble,True,True,True,True,True,True,False,True,True
265060,PRODUCT,8000500391228,,2.800,,EUR,2026-04-13,1920,108156,RECEIPT,France,Clichy,True,True,True,True,True,True,False,True,True
265619,PRODUCT,3045320517699,,3.750,,EUR,2026-04-15,1831,108635,PRICE_TAG,France,Clichy,True,True,True,True,True,True,False,True,True
267978,PRODUCT,3456300014556,,2.430,,EUR,2026-04-21,5751,109510,PRICE_TAG,France,La Rochelle,True,True,True,True,True,True,False,True,True
269347,PRODUCT,3038359004544,,0.950,,EUR,2026-04-27,3200,110250,PRICE_TAG,France,Vandœuvre-lès-Nancy,True,True,True,True,True,True,False,True,True
269443,PRODUCT,3297760097969,,1.700,,EUR,2026-04-27,3200,110215,PRICE_TAG,France,Vandœuvre-lès-Nancy,True,True,True,True,True,True,False,True,True
269698,PRODUCT,3760297370206,,3.150,,EUR,2026-04-28,5395,110451,PRICE_TAG,France,Nancy,True,True,True,True,True,True,True,True,True
270760,PRODUCT,3038359004544,,0.990,,EUR,2026-04-30,3233,110909,PRICE_TAG,France,Laneuveville-devant-Nancy,True,True,True,True,True,True,False,True,True
271124,PRODUCT,4001242003633,,1.290,,EUR,2026-04-29,468,111168,PRICE_TAG,Deutschland,,True,True,True,True,True,True,True,True,True
271302,PRODUCT,3038359004544,,0.960,,EUR,2026-05-04,5028,111357,PRICE_TAG,France,Laxou,True,True,True,True,True,True,False,True,True
272651,PRODUCT,8002470031937,,5.990,,EUR,2026-05-08,330,111929,PRICE_TAG,Deutschland,Strausberg,True,True,True,True,True,True,True,True,True
272814,PRODUCT,3019089042228,,2.340,,EUR,2026-05-09,5910,112011,PRICE_TAG,France,Nancy,True,True,True,True,True,True,False,True,True
273148,PRODUCT,3297760097969,,1.870,,EUR,2026-05-09,271,112251,PRICE_TAG,France,Nancy,True,True,True,True,True,True,False,True,True
273282,PRODUCT,3019089042228,,2.190,,EUR,2026-05-09,271,112461,PRICE_TAG,France,Nancy,True,True,True,True,True,True,False,True,True
273299,PRODUCT,3038359004544,,0.960,,EUR,2026-05-09,271,112420,PRICE_TAG,France,Nancy,True,True,True,True,True,True,False,True,True
273760,PRODUCT,3038359004544,,1.400,,EUR,2026-05-11,3471,112610,PRICE_TAG,France,Nancy,True,True,True,True,True,True,False,True,True
273772,PRODUCT,3019089042228,,2.590,,EUR,2026-05-11,3471,112609,PRICE_TAG,France,Nancy,True,True,True,True,True,True,False,True,True
275104,PRODUCT,3038359004544,,0.970,,EUR,2026-05-16,5395,113287,PRICE_TAG,France,Nancy,True,True,True,True,True,True,False,True,True
275126,PRODUCT,3019089042228,,2.010,,EUR,2026-05-16,5395,113274,PRICE_TAG,France,Nancy,True,True,True,True,True,True,False,True,True
275239,PRODUCT,3019089042228,,1.800,,EUR,2026-05-16,5395,113272,PRICE_TAG,France,Nancy,True,True,True,True,True,True,False,True,True
275472,PRODUCT,3183811008117,,4.500,,EUR,2026-04-07,49,107029,PRICE_TAG,France,Grenoble,True,True,True,True,True,True,False,True,True
276018,PRODUCT,5214002552640,,15.000,,EUR,2026-05-17,5994,113747,PRICE_TAG,Ελλάς,Δημοτική Ενότητα Ελληνικού,True,True,True,True,True,True,True,True,True
276411,PRODUCT,5214002552640,,15.000,,EUR,2026-05-18,5994,113858,PRICE_TAG,Ελλάς,Δημοτική Ενότητα Ελληνικού,True,True,True,True,True,True,False,True,True
281560,PRODUCT,3038353911909,,2.350,,EUR,2026-06-06,35,115737,PRICE_TAG,France,Grenoble,True,True,True,True,True,True,False,True,True
282334,PRODUCT,3045320517699,,2.550,,EUR,2026-06-09,2224,115986,PRICE_TAG,France,Paris,True,True,True,True,True,True,False,True,True
282946,PRODUCT,3045320517699,,2.550,,EUR,2026-06-11,2224,116302,PRICE_TAG,France,Paris,True,True,True,True,True,True,False,True,True
283489,PRODUCT,3033491279294,,1.750,,EUR,2026-06-12,2224,116580,PRICE_TAG,France,Paris,True,True,True,True,True,True,False,True,True
289843,PRODUCT,3019089042228,,2.190,,EUR,2026-06-26,6393,118708,PRICE_TAG,France,Dun-sur-Auron,True,True,True,True,True,True,True,True,True
290643,PRODUCT,3770018078151,,3.360,,EUR,2026-07-02,3269,119067,PRICE_TAG,France,Jarville-la-Malgrange,True,True,True,True,True,True,False,True,True
299720,PRODUCT,0796252300295,,6.990,,USD,2026-07-27,5747,121804,RECEIPT,United States,Foster City,True,True,True,True,True,True,False,True,True
300247,PRODUCT,8000500391228,,3.750,,EUR,2026-07-28,6617,122151,PRICE_TAG,France,Nancy,True,True,True,True,True,True,False,True,True
301084,PRODUCT,8000500391228,,3.490,,EUR,2026-07-30,2224,122339,RECEIPT,France,Paris,True,True,True,True,True,True,False,True,True
301201,PRODUCT,3770018078151,,3.500,,EUR,2026-07-30,5395,122427,PRICE_TAG,France,Nancy,True,True,True,True,True,True,False,True,True
301405,PRODUCT,3770018078151,,3.340,,EUR,2026-07-30,5395,122425,PRICE_TAG,France,Nancy,True,True,True,True,True,True,False,True,True
302792,PRODUCT,3038359004544,,0.960,,EUR,2026-07-31,271,122742,PRICE_TAG,France,Nancy,True,True,True,True,True,True,False,True,True
303880,PRODUCT,8901725015275,,40.000,,INR,2026-08-03,6683,123581,PRICE_TAG,India,Pedda Amiram,True,True,True,True,True,True,True,True,True
305598,PRODUCT,3183811008117,,5.240,,EUR,2026-08-09,1331,124327,PRICE_TAG,France,Lyon,True,True,True,True,True,True,False,True,True
306888,PRODUCT,3045320517699,,2.040,,EUR,2026-08-10,3200,124702,PRICE_TAG,France,Vandœuvre-lès-Nancy,True,True,True,True,True,True,False,True,True
306926,PRODUCT,5000112611878,,1.780,,EUR,2026-08-10,3200,124660,PRICE_TAG,France,Vandœuvre-lès-Nancy,True,True,True,True,True,True,False,True,True
307262,PRODUCT,3760341070236,,1.450,,EUR,2026-08-11,1701,125297,PRICE_TAG,France,Lyon,True,True,True,True,True,True,False,True,True
308430,PRODUCT,0021130494859,,2.990,,USD,2026-08-11,3998,125740,PRICE_TAG,United States,Mountain View,True,True,True,True,True,True,False,True,True
310095,PRODUCT,3250390145912,,2.840,,EUR,2026-08-14,6835,126284,PRICE_TAG,France,Bourg-de-Thizy,True,True,True,True,True,True,True,True,True
310448,PRODUCT,3183811008117,,4.860,,EUR,2026-08-14,6835,126087,PRICE_TAG,France,Bourg-de-Thizy,True,True,True,True,True,True,True,True,True
312346,PRODUCT,3019089042228,,2.080,,EUR,2026-08-18,5028,126846,PRICE_TAG,France,Laxou,True,True,True,True,True,True,False,True,True
316525,PRODUCT,3183811008117,,5.120,,EUR,2026-08-23,1231,128402,PRICE_TAG,France,Lyon,True,True,True,True,True,True,False,True,True
316527,PRODUCT,3183811008117,,5.120,,EUR,2026-08-23,1231,128402,PRICE_TAG,France,Lyon,True,True,True,True,True,True,False,True,True
316829,PRODUCT,3456300014556,,3.050,,EUR,2026-08-23,1231,128354,PRICE_TAG,France,Lyon,True,True,True,True,True,True,False,True,True
317409,PRODUCT,3038359004544,,0.970,,EUR,2026-08-24,5395,128819,PRICE_TAG,France,Nancy,True,True,True,True,True,True,False,True,True
318554,PRODUCT,3023260027607,,4.950,,EUR,2026-08-25,6942,129115,PRICE_TAG,France,Lyon,True,True,True,True,True,True,False,True,True
318806,PRODUCT,3256228195487,,3.730,,EUR,2026-08-25,6944,129278,PRICE_TAG,France,Lyon,True,True,True,True,True,True,True,True,True
321663,PRODUCT,3165959213028,,2.490,,EUR,2026-08-28,2016,130360,PRICE_TAG,France,Lyon,True,True,True,True,True,True,False,True,True
321835,PRODUCT,3220035229611,,2.710,,EUR,2026-08-28,2016,130239,PRICE_TAG,France,Lyon,True,True,True,True,True,True,False,True,True
323126,PRODUCT,3038359004544,,1.350,,EUR,2026-08-29,3718,130878,PRICE_TAG,France,Nancy,True,True,True,True,True,True,False,True,True
323167,PRODUCT,3019089042228,,2.650,,EUR,2026-08-29,3718,130872,PRICE_TAG,France,Nancy,True,True,True,True,True,True,False,True,True
324258,PRODUCT,3242272981053,,3.740,,EUR,2026-09-01,7037,131361,PRICE_TAG,France,Lyon,True,True,True,True,True,True,True,True,True
325228,PRODUCT,8901725015275,,40.000,,INR,2026-09-02,7041,131426,PRICE_TAG,India,Bengaluru,True,True,True,True,True,True,False,True,True
325384,PRODUCT,3019089042228,,2.310,,EUR,2026-09-04,5837,131954,PRICE_TAG,France,Saint-Max,True,True,True,True,True,True,False,True,True
325456,PRODUCT,3770018078151,,3.250,,EUR,2026-09-04,7066,132050,PRICE_TAG,France,Rouvroy,True,True,True,True,True,True,False,True,True
