product_code,product_name,brands,categories_tags,nutriscore_grade,nova_group,off_source_sha256,off_acquired_at,off_last_modified_t,off_history_status
00204682,Milk Chocolate Bar,Trader Joe's,"[""en:snacks"", ""en:sweet-snacks"", ""en:cocoa-and-its-products"", ""en:chocolates"", ""en:milk-chocolates"", ""en:milk-chocolate-bar""]",e,3.0,c64b3fc5e4c20ce3b513d48a0f725676c218dd586bcb90145d0bebe95a4a40f9,2026-09-06T22:55:16.858176+00:00,1788023569,NO_VERIFICABLE_HISTORICAMENTE
0021130306022,Entertaining Crackers Wheat,Signature SELECT,"[""en:snacks"", ""en:sweet-snacks"", ""en:biscuits-and-cakes""]",d,4.0,029e122e3be26b29601c3487f8bb4600690da9766b096e26435b7006887be8e8,2026-09-06T22:55:22.090295+00:00,1780606610,NO_VERIFICABLE_HISTORICAMENTE
0021130494859,Traditional pasta sauce,,"[""en:condiments"", ""en:sauces"", ""en:Groceries""]",a,3.0,86e7f3a3babcfb308826d3e0ec333046f5adc347ac8312bf9121b03d6ab78c92,2026-09-06T22:55:27.278151+00:00,1587659756,NO_VERIFICABLE_HISTORICAMENTE
0021500042178,Steak chop marinade,"Lawry's, Mccormick & Co  Inc.","[""en:condiments"", ""en:Groceries""]",unknown,4.0,ebbae8c996be59f3d148b94f0d6212e5302a8331f8913159b2e078394845fb73,2026-09-06T22:55:32.644208+00:00,1785160540,NO_VERIFICABLE_HISTORICAMENTE
0034500420686,Extra Sharp Cheddar Cheese,Land O Lakes,"[""en:Cheese Blocks""]",e,4.0,9ff48e577c797b812aa10774c39d0afb3747737e32375d9ec58650e54051964a,2026-09-06T22:55:37.827808+00:00,1768185160,NO_VERIFICABLE_HISTORICAMENTE
0048500205723,No Calcium OJ,Tropicana,"[""en:beverages-and-beverages-preparations"", ""en:plant-based-foods-and-beverages"", ""en:beverages"", ""en:plant-based-beverages"", ""en:fruit-based-beverages"", ""en:juices-and-nectars"", ""en:fruit-juices"", ""en:variety-packs"", ""en:orange-juices"", ""en:beverage-variety-packs""]",c,1.0,dd7c81fdc1297c5639c630a74444ec2ddd2ea16c4cd28ab6b360706b5956af4f,2026-09-06T22:55:43.031158+00:00,1786474142,NO_VERIFICABLE_HISTORICAMENTE
0290054000006,Ground Pork,Whole Foods Market,,unknown,,db5b35e819a099b822960ad463bf2ed980ae35aa55aece015834db67356a0d84,2026-09-05T19:37:33.632731+00:00,1726432513,NO_VERIFICABLE_HISTORICAMENTE
0796252300295,"Lassi Yogurt Drink, Mango",Gopi,"[""en:beverages-and-beverages-preparations"", ""en:beverages"", ""en:dairies"", ""en:fermented-foods"", ""en:fermented-milk-products"", ""en:dairy-drinks"", ""en:fermented-drinks"", ""en:fermented-milk-drinks"", ""en:lassi""]",unknown,4.0,b9c1a7020fb92a32dd7da45f4f8319885d9df52dbc6e9d22b22355cd68e7e898,2026-09-06T22:55:48.204951+00:00,1780500088,NO_VERIFICABLE_HISTORICAMENTE
2000000152949,Bazim khamosh choco popcorn,Bazim khamosh,"[""en:Child-and-parents"", ""en:healthy""]",a,,5687e94ec6e65d52b447957b81bf082365c32eb2974cc389ef4954113daa4f89,2026-09-06T22:55:58.454061+00:00,1774555207,NO_VERIFICABLE_HISTORICAMENTE
2006050027217,Amandes grillées,Trader Joe's,"[""en:plant-based-foods-and-beverages"", ""en:plant-based-foods"", ""en:nuts-and-their-products"", ""en:nuts"", ""en:almonds"", ""en:shelled-nuts"", ""en:shelled-almonds"", ""en:roasted-almonds"", ""en:unsalted-almonds"", ""en:whole-almonds"", ""en:almonds-roasted-and-unsalted""]",unknown,1.0,25ebe2c0664dc0fc8864070dfad6367cc162c91b9b304e971c8569662b6e7b92,2026-09-06T22:56:03.778423+00:00,1788371362,NO_VERIFICABLE_HISTORICAMENTE
2006050063055,Pistaches de californie grillées,TRADUCTION JOES,"[""en:plant-based-foods-and-beverages"", ""en:plant-based-foods"", ""en:snacks"", ""en:salty-snacks"", ""en:nuts-and-their-products"", ""en:nuts"", ""en:pistachios"", ""en:roasted-pistachios"", ""en:salted-nuts"", ""en:salted-pistachios"", ""en:unsalted-pistachios""]",a,3.0,985f87620375ca54d57583808134f9610ba96d1b751e0ca789e2061b979d1940,2026-09-06T22:56:08.941173+00:00,1774508161,NO_VERIFICABLE_HISTORICAMENTE
3019089042228,Rilettes de thon,Petit Navire,"[""en:seafood"", ""en:fishes-and-their-products"", ""en:fishes"", ""en:spreads"", ""en:fatty-fishes"", ""en:salted-spreads"", ""en:rillettes"", ""en:tunas"", ""en:fish-preparations"", ""en:fish-rillettes"", ""en:tuna-preparations"", ""en:tuna-rillettes""]",b,4.0,93fb7c44d4b195f9d413ab31e4a27740bd30a9145da7f06004d0449b96b9eadc,2026-09-06T22:56:14.270975+00:00,1774494952,NO_VERIFICABLE_HISTORICAMENTE
3023260027607,La tomme de brebis,Lou Pérac,"[""en:dairies"", ""en:fermented-foods"", ""en:fermented-milk-products"", ""en:cheeses"", ""en:mountain-products"", ""en:french-cheeses"", ""en:mountain-cheeses"", ""en:sheep-s-milk-cheeses"", ""en:tomme-cheese-from-cow-s-milk"", ""fr:tomme-de-brebis""]",d,4.0,3eac23547f8e3047f8416fa80c7936a359b0788079a3551c2fbc7c308e4f9a07,2026-09-05T19:37:18.901022+00:00,1781156159,NO_VERIFICABLE_HISTORICAMENTE
3033491279294,Danette double saveur vanille & chocolat,Danone,"[""en:dairies"", ""en:desserts"", ""en:dairy-desserts"", ""en:entremets-mousses-and-creamy-puddings"", ""en:chocolate-desserts"", ""en:creamy-puddings"", ""en:chocolate-creamy-puddings"", ""en:refrigerated-chocolate-creamy-puddings"", ""en:Crèmes dessert vanille chocolat""]",c,4.0,9337b9a8f828d3fea0132867547feb3b4db77b28595412f789507994a62bf174,2026-09-06T22:56:19.683954+00:00,1773985823,NO_VERIFICABLE_HISTORICAMENTE
3033491350795,Activia bifidus saveur citron,Danone,"[""en:dairies"", ""en:fermented-foods"", ""en:fermented-milk-products"", ""en:desserts"", ""en:dairy-desserts"", ""en:fermented-dairy-desserts"", ""en:flavoured-fermented-dairy-desserts"", ""en:bifidus-yogurts"", ""en:flavoured-bifidus-yogurts""]",c,4.0,a42b5e3e00b24cab9b5c2abab905e3136c816253190a5e911a7c1092dcc19d9d,2026-09-06T22:56:25.042537+00:00,1785397863,NO_VERIFICABLE_HISTORICAMENTE
3033491451652,"Le petit suisse gervais nature 9,5 % 60 g x 12",GERVAIS,"[""en:dairies"", ""en:fermented-foods"", ""en:fermented-milk-products"", ""en:desserts"", ""en:dairy-desserts"", ""en:fermented-dairy-desserts"", ""en:fromages-blancs-petit-suisses-and-skyr"", ""en:petits-suisses"", ""en:plain-fermented-dairy-desserts"", ""en:plain-petit-suisse"", ""fr:fromages-blancs""]",c,1.0,4f4f349aabb1015eafbf3f0f76a06dc782c3b0cb841cf9095ed4cf9c1f2e1ec0,2026-09-05T19:37:13.847004+00:00,1788543018,NO_VERIFICABLE_HISTORICAMENTE
3038353911909,Quenelles de brochet sauce Nantua,Petitjean,"[""en:canned-foods"", ""en:meals"", ""en:canned-meals"", ""en:meals-with-fish"", ""fr:quenelles"", ""en:fish-quenelles"", ""en:fish-quenelle-in-sauce"", ""en:pike-quenelles""]",c,4.0,f713a2cd4d3b4ebb3c936eb81b23522946973d2ee987128fbcd7a3779bc34b1c,2026-09-06T22:56:30.356241+00:00,1773416645,NO_VERIFICABLE_HISTORICAMENTE
3038359004544,Sauce Tomate concentrée cuisinée aux petits légumes,"Panzani, panzani","[""en:plant-based-foods-and-beverages"", ""en:plant-based-foods"", ""en:fruits-and-vegetables-based-foods"", ""en:vegetable-based-foods-and-beverages"", ""en:condiments"", ""en:vegetables-based-foods"", ""en:tomatoes-and-their-products"", ""en:sauces"", ""en:tomato-sauces"", ""en:meal-kits""]",d,4.0,1525ef9c4b93a3b937a69eaec8f574478094d6ae7f1cef983e3d35932dc3445a,2026-09-06T22:56:35.694423+00:00,1787478069,NO_VERIFICABLE_HISTORICAMENTE
3045320517699,Crème caramel aux œufs frais,Bonne Maman,"[""en:dairies"", ""en:desserts"", ""en:dairy-desserts"", ""en:custard-puddings"", ""en:custard-puddings-with-caramel-sauce"", ""fr:desserts-lactes-aux-oeufs""]",d,3.0,aafd046f21607968a416dd3ed65c6f362f3319d9a03fce139c23db77bed4e9f1,2026-09-06T22:56:40.992922+00:00,1782919727,NO_VERIFICABLE_HISTORICAMENTE
3123930711758,L'Emmental Français Extra fin,EntreMont,"[""en:dairies"", ""en:fermented-foods"", ""en:fermented-milk-products"", ""en:cheeses"", ""en:cow-cheeses"", ""en:hard-cheeses"", ""en:emmentaler"", ""en:french-cheeses"", ""en:french-emmentaler"", ""en:grated-cheese"", ""en:grated-emmentaler""]",c,3.0,6e5801a73a0beaf7124302ab324b558e0d22794a5ad8e97b5d3c4c48ef89ff5f,2026-09-05T19:36:08.642901+00:00,1786571438,NO_VERIFICABLE_HISTORICAMENTE
3165959213028,Saupiquet - Thon à la Catalane,Saupiquet,"[""en:seafood"", ""en:fishes-and-their-products"", ""en:canned-foods"", ""en:fishes"", ""en:fatty-fishes"", ""en:meals"", ""en:canned-fishes"", ""en:tunas"", ""en:meals-with-fish"", ""en:tuna-in-catalan-style""]",c,4.0,211e36bf2792ead092a9301b7f45bcdb8033e2dc0fc9a4c394665ad8fbd7fb7d,2026-09-06T22:56:56.295961+00:00,1779304745,NO_VERIFICABLE_HISTORICAMENTE
3183811008117,Olive noire fromage de chèvre,Marius Bernard,"[""en:spreads"", ""en:salted-spreads""]",d,3.0,875e5c0a681fe65d6cbed50d96ab72617d082823628cc689b523cc663d376db4,2026-09-06T22:57:01.625345+00:00,1774316425,NO_VERIFICABLE_HISTORICAMENTE
3220035229611,Cassonade,"Saint louis, Saint-Louis","[""en:sweeteners"", ""en:sugars"", ""en:brown-sugars"", ""en:cane-sugars"", ""fr:cassonades""]",e,2.0,2d886b3652dcce1dc85336eb81d739ae10e498acf96c7600c57c78eb69bcf61f,2026-09-05T19:36:28.786097+00:00,1787997987,NO_VERIFICABLE_HISTORICAMENTE
3220035570003,Sachet Sucre Cristal blanc de Betterave Bio 1kg,"SAINT-LOUIS, Saint louis","[""en:sweeteners""]",e,3.0,fe0d85b923ed8cc5ab0b4b170fb967f64a6c15175eec3023d52e0fe1559a1b2b,2026-09-05T19:37:08.775117+00:00,1780999612,NO_VERIFICABLE_HISTORICAMENTE
3222471055113,Ratatouille à la provençale,Casino,"[""en:plant-based-foods-and-beverages"", ""en:plant-based-foods"", ""en:canned-foods"", ""en:meals"", ""en:prepared-vegetables"", ""en:canned-meals"", ""en:ratatouille"", ""fr:Légumes en conserve et bocal""]",a,4.0,0ff927686f202acd17f237c6d0bced14a9c27c80c5186c9fb1f4ce12a12516ef,2026-09-06T22:57:07.177192+00:00,1773978824,NO_VERIFICABLE_HISTORICAMENTE
3240931548135,Lustucru gnocchi a poêler format xxl 720g,"Lustucru, Lustucru selection","[""en:plant-based-foods-and-beverages"", ""en:plant-based-foods"", ""en:cereals-and-potatoes"", ""en:frozen-foods"", ""en:cereals-and-their-products"", ""en:potatoes-and-their-products"", ""en:pastas"", ""en:cereal-pastas"", ""en:fresh-pasta"", ""en:gnocchi"", ""en:gnocchi-of-durum-wheat-semolina"", ""en:potato-gnocchi""]",c,3.0,b04956fb72164d0aa169caa42e9bfdbb13617cfbe2044d789ec498de0fa4d998,2026-09-06T22:57:12.552522+00:00,1788452995,NO_VERIFICABLE_HISTORICAMENTE
3242272981053,Sandwich le méga jambon cheddar x3,Sodebo,"[""en:sandwiches"", ""en:sandwiches-filled-with-cold-cuts"", ""en:cheese-sandwiches"", ""en:ham-sandwiches"", ""en:cheddar-sandwiches"", ""en:ham-and-cheese-sandwiches"", ""fr:sandwichs-polaires""]",d,4.0,fcc59ea98d64c203ad1d9e0958086b8c4d79741d9fe17bbae4d0b561a39c5f92,2026-09-06T22:57:17.880756+00:00,1786620558,NO_VERIFICABLE_HISTORICAMENTE
3250390145912,Look Cola PET 4x50cl,Look,"[""fr:5g/100ml"", ""fr:Colas a teneur en sucres > 2""]",b,4.0,43aa3b64e5898ccfbb75b6171ba333e91f4adfc9cf7db78d49cb0836e00f26ee,2026-09-06T22:57:23.053635+00:00,1782265270,NO_VERIFICABLE_HISTORICAMENTE
3250390523970,Mâche,Saint Eloi,"[""en:plant-based-foods-and-beverages"", ""en:plant-based-foods"", ""en:fruits-and-vegetables-based-foods"", ""en:vegetable-based-foods-and-beverages"", ""en:vegetables-based-foods"", ""en:vegetables"", ""en:leaf-vegetables"", ""en:corn-salad""]",a,1.0,974c79f188174fc78eed4fe6939231a0865b3918a7a59bd68d73b9bbe9b3887f,2026-09-05T19:36:48.578165+00:00,1773900868,NO_VERIFICABLE_HISTORICAMENTE
3250390564843,Pizza Di Pierra Royale surgelée,"Fiorini, Intermarché","[""en:frozen-foods"", ""en:meals"", ""en:pizzas-pies-and-quiches"", ""en:meals-with-meat"", ""en:frozen-pizzas-and-pies"", ""en:pizzas"", ""en:pork-meals"", ""en:frozen-pizzas"", ""en:pizza-with-ham-and-cheese"", ""en:regina-pizza""]",d,4.0,ff05eb6595d81da6c2c979b788b806c329749b1c665397a36436f95bb6f37e8e,2026-09-06T22:57:28.415793+00:00,1772494335,NO_VERIFICABLE_HISTORICAMENTE
3250391980253,Sucralose 300 comprimes,Regain,"[""en:sweeteners"", ""en:food-additives"", ""en:sugar-substitutes"", ""en:artificial-sugar-substitutes"", ""en:sucralose"", ""en:tabletop-sweeteners"", ""fr:Autres produits""]",not-applicable,4.0,89bc1f82d0fb5c0176e88354cc2acd19a53c87a3289fd1bb1d9c9b4195de8cb4,2026-09-05T19:36:58.641522+00:00,1780451715,NO_VERIFICABLE_HISTORICAMENTE
3250392335137,Fromage Frais de Brebis 400g,Paturages,"[""en:dairies"", ""en:fermented-foods"", ""en:fermented-milk-products"", ""en:cheeses"", ""en:desserts"", ""en:dairy-desserts"", ""en:fermented-dairy-desserts"", ""en:fromages-blancs-petit-suisses-and-skyr"", ""en:yogurts"", ""en:plain-fermented-dairy-desserts"", ""en:sheep-milk-yogurts"", ""fr:fromages-blancs"", ""en:cream-cheeses"", ""fr:fromages-blancs-au-lait-de-brebis"", ""fr:fromages-blancs-natures"", ""fr:Fromages frais nature non sucres gourmands""]",c,3.0,474788863f569cdbd0815735a64b51ea4b043be12d00555ec96c2aff8fe00533,2026-09-05T19:36:38.710955+00:00,1780452300,NO_VERIFICABLE_HISTORICAMENTE
3250392404499,Emmental lp rape tsr 150g,Pâturages,"[""en:dairies"", ""en:fermented-foods"", ""en:fermented-milk-products"", ""en:cheeses"", ""en:cow-cheeses"", ""en:hard-cheeses"", ""en:emmentaler"", ""en:french-cheeses"", ""en:french-emmentaler"", ""en:grated-cheese"", ""en:grated-emmentaler""]",c,3.0,00d42f16781b7da919efea3ca74251a555a48ed4f339cdfc927f50840c6234a7,2026-09-05T19:36:53.722895+00:00,1780533487,NO_VERIFICABLE_HISTORICAMENTE
3256223264768,Cake nature au lait écrémé bio paquet de 125g,"U, U Bio","[""en:snacks"", ""en:sweet-snacks"", ""en:biscuits-and-cakes"", ""en:cakes""]",d,4.0,f277c32316fd1acb5304c6e39a206a55a6c5487ae830b7a15737ff153f1b9a02,2026-09-06T22:57:33.757191+00:00,1773382984,NO_VERIFICABLE_HISTORICAMENTE
3256224255017,Oeufs poules plein air calibre mixte,U,"[""en:frozen-foods"", ""en:eggs-and-their-products"", ""en:farming-products"", ""en:eggs"", ""en:chicken-eggs"", ""en:free-range-chicken-eggs""]",a,1.0,81b66f20413d062b6a7737d2826aca2311d95374ade3133be3ec7904307bce1c,2026-09-06T22:57:39.117822+00:00,1787757354,NO_VERIFICABLE_HISTORICAMENTE
3256228195487,Pur jus pressé Orange sanguine d'Italie,U,"[""en:beverages-and-beverages-preparations"", ""en:plant-based-foods-and-beverages"", ""en:beverages"", ""en:fruit-based-foods-and-beverages"", ""en:plant-based-beverages"", ""en:fruit-based-beverages"", ""en:juices-and-nectars"", ""en:fruit-juices"", ""en:orange-juices""]",c,1.0,6c8577ef0db2e4d37c148fd3bbe605cfd91fd602a7905928a6daea112334f8e1,2026-09-06T22:57:44.435876+00:00,1788575219,NO_VERIFICABLE_HISTORICAMENTE
3266140053581,Ravioles du Dauphiné LABEL ROUGE IGP surgelées sachet,Saint jean,"[""en:plant-based-foods-and-beverages"", ""en:plant-based-foods"", ""en:cereals-and-potatoes"", ""en:frozen-foods"", ""en:cereals-and-their-products"", ""en:meals"", ""en:pasta-dishes"", ""en:pastas"", ""en:pastas-and-dumplings"", ""en:combination-meals"", ""en:stuffed-pastas"", ""en:frozen-ready-made-meals"", ""fr:ravioles"", ""en:pasta-stuffed-with-cheese"", ""en:ravioles-du-dauphine"", ""fr:Produits Label Rouge"", ""fr:Produits labellisés""]",d,3.0,268db8cef48b91af093cc67326b7e1bf962d7ddb25b169dcb6d730d6c8618796,2026-09-06T22:57:49.808962+00:00,1774331912,NO_VERIFICABLE_HISTORICAMENTE
3270190023524,Fromage Blanc nature,Carrefour,"[""en:dairies"", ""en:fermented-foods"", ""en:fermented-milk-products"", ""en:cheeses"", ""en:desserts"", ""en:dairy-desserts"", ""en:fermented-dairy-desserts"", ""en:fromages-blancs-petit-suisses-and-skyr"", ""en:petits-suisses"", ""en:plain-fermented-dairy-desserts"", ""en:plain-petit-suisse"", ""fr:fromages-blancs"", ""en:fat-free-plain-petit-suisse"", ""fr:fromages-blancs-natures""]",a,3.0,c5e067c3b9a6d768d495e6bb10d8ccb5832849df2bf4cf1e12b09a6050ea9743,2026-09-06T22:57:55.173339+00:00,1773406895,NO_VERIFICABLE_HISTORICAMENTE
3273220530375,Yaourt nature 0%,Vrai,"[""en:dairies"", ""en:fermented-foods"", ""en:fermented-milk-products"", ""en:desserts"", ""en:dairy-desserts"", ""en:fermented-dairy-desserts"", ""en:yogurts"", ""en:plain-fermented-dairy-desserts"", ""en:low-fat-yogurts"", ""en:plain-yogurts""]",a,3.0,6ded435720592454a2d9667c61e7fdd74a5e134d1f4d2505a20e41f9f80fbf8d,2026-09-06T22:58:00.345507+00:00,1772012529,NO_VERIFICABLE_HISTORICAMENTE
3280220908073,Ma petite salade Mâche,Florette,"[""en:plant-based-foods-and-beverages"", ""en:plant-based-foods"", ""en:fruits-and-vegetables-based-foods"", ""en:vegetable-based-foods-and-beverages"", ""en:vegetables-based-foods"", ""en:fresh-foods"", ""en:vegetables"", ""en:fresh-plant-based-foods"", ""en:leaf-vegetables"", ""en:fresh-vegetables"", ""en:corn-salad""]",a,1.0,97f68419ca95f141618ee9c358e714ca9267fd617f335a4e669723e0c85ceb00,2026-09-05T19:36:43.666144+00:00,1773858771,NO_VERIFICABLE_HISTORICAMENTE
3297760097969,Pomme Banane Vanille,Charles & Alice,"[""en:plant-based-foods-and-beverages"", ""en:plant-based-foods"", ""en:fruit-based-foods-and-beverages"", ""en:fruits-and-vegetables-based-foods"", ""en:desserts"", ""en:fruit-based-foods"", ""en:compotes"", ""en:apple-compotes"", ""en:banana-apple-compotes""]",a,4.0,4ca81216211f1bcee72fbec12aa048f20f553391238401e6a12b791653d2924c,2026-09-06T22:58:05.692892+00:00,1784102702,NO_VERIFICABLE_HISTORICAMENTE
3302740047312,Simplement bon - 25% de Sel*,Fleury Michon,"[""en:meats-and-their-products"", ""en:specific-products"", ""en:meats"", ""en:pork-and-its-products"", ""en:prepared-meats"", ""en:products-for-specific-diets"", ""en:hams"", ""en:prepared-pork-meats"", ""en:white-hams"", ""en:cooked-ham-of-superior-quality"", ""en:products-with-reduced-salt"", ""en:cooked-ham-superior-quality-reduced-salt"", ""en:prepared-meats-with-less-salt"", ""en:white-hams-with-less-salt""]",c,4.0,c6e416d7690beab36142fe27c4cfe15cba0edd1a6291fa0004a1c84a22a7a8bb,2026-09-06T22:58:11.178014+00:00,1774471953,NO_VERIFICABLE_HISTORICAMENTE
3384110004736,Poitrine Cuite Roulée,Saveurs Bressanes,"[""en:meats-and-their-products"", ""en:meats"", ""en:pork-and-its-products"", ""en:prepared-meats"", ""en:pork"", ""fr:charcuteries-cuites""]",d,4.0,aee7ee61aaef49ced717631d7a48fa451ee7cd589b946594674713c65a8a42a7,2026-09-06T22:58:16.312420+00:00,1774440021,NO_VERIFICABLE_HISTORICAMENTE
3412290023909,Paysan Breton - L'Emmental Français Râpé,Paysan Breton,"[""en:dairies"", ""en:fermented-foods"", ""en:fermented-milk-products"", ""en:cheeses"", ""en:cow-cheeses"", ""en:hard-cheeses"", ""en:emmentaler"", ""en:french-cheeses"", ""en:french-emmentaler"", ""en:grated-cheese"", ""en:grated-emmentaler""]",c,3.0,5be80ad8e7d2bced097cf2d67f047b42504ca05afb54346eda40e5496110d8e3,2026-09-05T19:37:03.716173+00:00,1773777515,NO_VERIFICABLE_HISTORICAMENTE
3423182102411,pur jus pomme framboise bio,Thomas Le Prince,"[""en:beverages-and-beverages-preparations"", ""en:plant-based-foods-and-beverages"", ""en:beverages"", ""en:fruit-based-foods-and-beverages"", ""en:plant-based-beverages"", ""en:fruit-based-beverages"", ""en:juices-and-nectars"", ""en:fruit-juices"", ""en:multifruit-juices""]",d,1.0,d0db609e5c045e822adffddf1c76db2d871627f5ea815751fcd0216e91ad4014,2026-09-06T22:58:21.457654+00:00,1773781785,NO_VERIFICABLE_HISTORICAMENTE
3443431503004,Poudre de cacao maigre biologique,Les Rois Mages,"[""en:cocoa-and-its-products"", ""en:cocoa-and-chocolate-powders"", ""en:cocoa-powders""]",unknown,1.0,c126eff15c206b04bbf51f37494d9d7315ce39955a20846a7f0aba6a573413df,2026-09-06T22:58:26.582736+00:00,1773703274,NO_VERIFICABLE_HISTORICAMENTE
3450970173834,Nugets poulet,"Eco+, Leclerc","[""en:meats-and-their-products"", ""en:meat-preparations"", ""en:chicken-and-its-products"", ""en:breaded-products"", ""en:chicken-preparations"", ""en:poultry-nuggets"", ""en:breaded-chicken"", ""en:chicken-nuggets""]",b,4.0,b2903dee5936fc920a8e1a6566e283e292568d17f448d9e8cc673462900efccb,2026-09-06T22:58:31.879943+00:00,1786274131,NO_VERIFICABLE_HISTORICAMENTE
3456300014556,Fourrés Chocolat🍫,"Jardin Bio étic, jardin bio étic Léa Nature","[""en:snacks"", ""en:frozen-foods"", ""en:sweet-snacks"", ""en:biscuits-and-cakes"", ""en:biscuits-and-crackers"", ""en:biscuits"", ""en:filled-biscuits""]",d,3.0,28163a9aa69ae9dc57a947e50ab8cfa93c424eb067341d182af5a868ba9d1823,2026-09-06T22:58:37.175429+00:00,1788508142,NO_VERIFICABLE_HISTORICAMENTE
3500390010247,Ravioles du Dauphiné,Maison Rambert,"[""en:meals"", ""en:pasta-dishes"", ""en:stuffed-pastas"", ""fr:ravioles""]",d,4.0,b8c4d0dc28df773eacb84b3b8e73410830a3f89b708e550e0ef3c9a9a4294f8f,2026-09-05T19:36:13.571074+00:00,1788534815,NO_VERIFICABLE_HISTORICAMENTE
3560070206469,Champignons de Paris,Carrefour,"[""en:plant-based-foods-and-beverages"", ""en:plant-based-foods"", ""en:fruits-and-vegetables-based-foods"", ""en:vegetable-based-foods-and-beverages"", ""en:canned-foods"", ""en:vegetables-based-foods"", ""en:canned-plant-based-foods"", ""en:mushrooms-and-their-products"", ""en:mushrooms"", ""en:canned-mushrooms"", ""en:champignon-mushrooms"", ""en:canned-champignon-mushrooms"", ""en:canned-sliced-champignon-mushrooms""]",a,3.0,106436df1ad8f8c78b20c27234f836affc256b833f79b363d0f5e26f12ddbc12,2026-09-05T19:36:03.576421+00:00,1788512835,NO_VERIFICABLE_HISTORICAMENTE
3560070283484,Épinards,Carrefour,"[""en:plant-based-foods-and-beverages"", ""en:plant-based-foods"", ""en:fruits-and-vegetables-based-foods"", ""en:vegetable-based-foods-and-beverages"", ""en:canned-foods"", ""en:vegetables-based-foods"", ""en:canned-plant-based-foods"", ""en:vegetables"", ""en:canned-vegetables"", ""en:leaf-vegetables"", ""en:spinachs"", ""en:canned-spinachs""]",a,3.0,24fd7006bec7ae662e98251226eb42439e6c7802223600ca61ccf96263d702be,2026-09-05T19:35:58.464842+00:00,1773439699,NO_VERIFICABLE_HISTORICAMENTE
3560071264550,Infusion Gingembre Citron,"Carrefour BIO, Carrefour","[""en:beverages-and-beverages-preparations"", ""en:plant-based-foods-and-beverages"", ""en:beverages"", ""en:hot-beverages"", ""en:plant-based-beverages"", ""en:beverage-preparations"", ""en:herbal-teas""]",b,1.0,270682ecd33d1e580d2efd7ace247ca3319986fda2be8a41211e79187ac5d073,2026-09-06T22:58:42.396685+00:00,1774483032,NO_VERIFICABLE_HISTORICAMENTE
3560071266721,Frimouss' au chocolat,Carrefour,"[""en:snacks"", ""en:sweet-snacks"", ""en:biscuits-and-cakes"", ""en:biscuits-and-crackers"", ""en:biscuits"", ""en:chocolate-biscuits""]",e,4.0,77addbcf09f1edb4dd42a25c757ab4bec013498d6ec3e5d9be12e66bc04b0951,2026-09-06T22:58:47.721076+00:00,1783494330,NO_VERIFICABLE_HISTORICAMENTE
3580281710067,Capres au vinaigre,Savino,"[""en:plant-based-foods-and-beverages"", ""en:plant-based-foods"", ""en:condiments"", ""en:pickles"", ""en:plant-based-pickles"", ""en:pickled-capers""]",e,,c9ec3e85df6c216f57687fd9d4ce48d93e32184cecdd307a891ff892bc74fe42,2026-09-06T22:58:57.837810+00:00,1774478416,NO_VERIFICABLE_HISTORICAMENTE
3596710435791,Farine de blé T55,"Auchan, Pouce","[""en:plant-based-foods-and-beverages"", ""en:plant-based-foods"", ""en:cereals-and-potatoes"", ""en:cereals-and-their-products"", ""en:flours"", ""en:cereal-flours"", ""en:wheat-flours"", ""en:common-wheat-flours"", ""en:white-wheat-flours"", ""en:wheat-flour-type-55-for-bread""]",a,1.0,6a9f96dcaf3d96f4bc272d1751371a8823df59a8e0244f9821a538d6ecc0602b,2026-09-06T22:59:02.991396+00:00,1729829193,NO_VERIFICABLE_HISTORICAMENTE
3760020507916,Gaufrettes chocolat,"Jardin Bio étic, Jardin biologique, Léa Nature","[""en:snacks"", ""en:desserts"", ""en:sweet-snacks"", ""en:biscuits-and-cakes"", ""en:biscuits-and-crackers"", ""en:biscuits"", ""en:wafers"", ""en:chocolate-biscuits"", ""en:stuffed-wafers"", ""en:chocolate-stuffed-wafers""]",e,3.0,d9cea108ffaf5dd04b2e00df5ad1901015599cd34b55021ed1fc14aee7cff222,2026-09-05T19:36:23.581606+00:00,1773441594,NO_VERIFICABLE_HISTORICAMENTE
3760090370571,"Saucisson sec, d'Ardèche",père 3 fils,"[""en:meats-and-their-products"", ""en:meats"", ""en:prepared-meats"", ""en:cured-sausages"", ""en:dry-sausages"", ""en:dry-sausage-pure-pork""]",e,4.0,750430216bd4e8274a8aa268b299aa380850033f7c0cf76bbd910d3e0bda1036,2026-09-06T22:59:08.170875+00:00,1773398258,NO_VERIFICABLE_HISTORICAMENTE
3760297370206,Onigiri saumon fromage frais,igiri,"[""en:snacks"", ""en:salty-snacks"", ""en:meals"", ""en:sushi-and-maki"", ""en:sushis"", ""en:onigiri"", ""fr:En-cas-japonais""]",unknown,4.0,c4a8a73fa17261e7abaeb5ae79bfb2c1aa5dda9923620f65a19a7ddca62ca750,2026-09-06T22:59:13.414631+00:00,1774537457,NO_VERIFICABLE_HISTORICAMENTE
3760341070236,Lustucru Doypack Champignons,Lustucru,"[""fr:Riz lustucru""]",c,4.0,f1b2c0555943271b29188ef76d3fa0b0fe915885ccb4bdeb696797cb762abec9,2026-09-06T22:59:18.581119+00:00,1774536671,NO_VERIFICABLE_HISTORICAMENTE
3770014111777,Farine de blé T65 Transition - conversion biologique,Transition,"[""en:plant-based-foods-and-beverages"", ""en:plant-based-foods"", ""en:cereals-and-potatoes"", ""en:cereals-and-their-products"", ""en:flours"", ""en:cereal-flours"", ""en:wheat-flours"", ""en:common-wheat-flours"", ""en:wheat-flour-type-65""]",a,1.0,32a912a44d6e223dfafb23196f02904fbe8ebf3ba34e10c30d44d9fe35794117,2026-09-05T19:36:33.752576+00:00,1774512441,NO_VERIFICABLE_HISTORICAMENTE
3770018078151,Bacon Vegetal Fumé,LA VIE,"[""en:meat-alternatives"", ""en:meat-analogues"", ""en:meat-analogues-from-soy-or-wheat-proteins"", ""en:bacon-substitutes"", ""en:meat-analogues-from-pea-proteins""]",d,4.0,d3b2de87961cdb4eaa4161956fe1fcc83469f0fe7c6ee05e5f930f9de9c32413,2026-09-06T22:59:23.891534+00:00,1782220495,NO_VERIFICABLE_HISTORICAMENTE
4001242003633,Popcorn Karamellgeschmack,"Chio, Intersnack","[""en:snacks"", ""en:popcorn""]",d,4.0,77893399f5cc2eaec230a916fb0a05ca1034b02da352bc9cd111106bfacf4f7a,2026-09-06T22:59:29.196377+00:00,1781436899,NO_VERIFICABLE_HISTORICAMENTE
4061464487482,Nussknacker / Nussbeisser XXL,"Aldi, Choceur, Hofer Schokoladefabrik","[""en:snacks"", ""en:sweet-snacks"", ""en:cocoa-and-its-products"", ""en:chocolates"", ""en:milk-chocolates"", ""en:chocolates-with-hazelnuts""]",e,4.0,a1723f3efe4248aaca50726c77ab9f516290e57ac2805d8457975849cf5dd788,2026-09-05T19:37:23.984365+00:00,1782759793,NO_VERIFICABLE_HISTORICAMENTE
4260031550011,Hähnchen Kebab,Kronenland,"[""de:Gyros"", ""de:Hähnchen""]",d,4.0,9843e2740256b9c6bcda97e4341729bc1df43b8755db56c358648bae52fb7bf3,2026-09-06T22:59:44.449363+00:00,1774522952,NO_VERIFICABLE_HISTORICAMENTE
4850002940974,Ձվածեղ,,"[""en:eggs-and-their-products"", ""en:farming-products"", ""en:eggs"", ""en:chicken-eggs""]",unknown,1.0,062033c0fad973e7a275a9c41139ce22165e2111e2e3d1fb1f9bce682011046e,2026-09-06T22:59:49.616712+00:00,1723967480,NO_VERIFICABLE_HISTORICAMENTE
5000112611878,coca cola zero,Cocacola,"[""en:beverages-and-beverages-preparations"", ""en:beverages"", ""en:non-alcoholic-beverages"", ""en:carbonated-drinks"", ""en:soft-drinks"", ""en:artificially-sweetened-beverages"", ""en:sodas"", ""en:diet-beverages"", ""en:colas"", ""en:diet-sodas"", ""en:diet-cola-soft-drink""]",unknown,4.0,f41cd3f2dade88d4268353353d5dbf52f2025a396d4f4a709efe3ac9ab99291f,2026-09-06T22:59:54.940802+00:00,1788030591,NO_VERIFICABLE_HISTORICAMENTE
5214002552640,Polyphenolic,Elitas,"[""en:plant-based-foods-and-beverages"", ""en:plant-based-foods"", ""en:fats"", ""en:vegetable-fats"", ""en:olive-tree-products"", ""en:vegetable-oils"", ""en:olive-oils"", ""en:virgin-olive-oils"", ""en:extra-virgin-olive-oils""]",b,,edff220e9adfdf18329436ce4a30724ae00c72b82cfd6c29bdee8d58883e6174,2026-09-06T23:00:00.099375+00:00,1779095347,NO_VERIFICABLE_HISTORICAMENTE
5760466994484,Cooking Cream,Puck,"[""en:dairies"", ""en:creams"", ""en:uht-creams"", ""en:unfermented-creams"", ""fr:cremes-entieres"", ""en:liquid-30-fat-uht-cream""]",d,4.0,4b8a4bde18ea0560c66d4d1fe99684d52fc38b2b2ba27186f5d549d894fbf767,2026-09-06T23:00:05.245390+00:00,1788630830,NO_VERIFICABLE_HISTORICAMENTE
7622210231277,Véritable Petit écolier Chocolat au lait,"LU, Mondelez","[""en:snacks"", ""en:desserts"", ""en:sweet-snacks"", ""en:biscuits-and-cakes"", ""en:biscuits-and-crackers"", ""en:biscuits"", ""en:chocolate-biscuits"", ""en:milk-chocolate-biscuits"", ""en:biscuit-with-a-chocolate-bar-covering"", ""en:biscuit-with-a-milk-chocolate-bar-covering""]",e,4.0,b8e70d512b8775870ea0c2982015591efab923b4162d0deff369008a6077ed07,2026-09-06T23:00:10.567468+00:00,1774277384,NO_VERIFICABLE_HISTORICAMENTE
7792052075169,cereal de arroz con chocolate,Rock choc,"[""en:plant-based-foods-and-beverages"", ""en:plant-based-foods"", ""en:breakfasts"", ""en:cereals-and-potatoes"", ""en:cereals-and-their-products"", ""en:breakfast-cereals"", ""en:chocolate-cereals""]",unknown,,253db387eca8f481f6041cfaf085e2a0c07a95b922ffa485172d7e1c22e2d9f7,2026-09-06T23:00:15.704290+00:00,1708914145,NO_VERIFICABLE_HISTORICAMENTE
8000500391228,Kinder Kinderini,Kinder,"[""en:snacks"", ""en:sweet-snacks"", ""en:biscuits-and-cakes"", ""en:biscuits-and-crackers"", ""en:biscuits"", ""en:pastries""]",e,4.0,541523ed87af4efb3ec302fab0b84715f2fe033aae8dbbdead2475d86083edb2,2026-09-06T23:00:21.039136+00:00,1788334947,NO_VERIFICABLE_HISTORICAMENTE
8002470031937,Olivenöl Natives Extra Gentile SANFT,Bertolli,"[""en:plant-based-foods-and-beverages"", ""en:plant-based-foods"", ""en:fats"", ""en:vegetable-fats"", ""en:olive-tree-products"", ""en:vegetable-oils"", ""en:olive-oils"", ""en:virgin-olive-oils"", ""en:extra-virgin-olive-oils""]",b,,5ed04ecae15a2bfd56b323e17f5ef6ad42d9f0885a52949aadc91d5404ab7a6b,2026-09-06T23:00:26.212094+00:00,1785266186,NO_VERIFICABLE_HISTORICAMENTE
8007066010075,Maccheroncelli n.7,Poiatti,"[""en:plant-based-foods-and-beverages"", ""en:plant-based-foods"", ""en:pastas"", ""en:dry-pastas""]",a,,fc78047fdfa64c5f71cea854c5f5824a578090689a27c25ddf458287787fa181,2026-09-06T23:00:31.394592+00:00,1776018842,NO_VERIFICABLE_HISTORICAMENTE
8023678730606,3 Noix,Isola Bio,"[""en:beverages-and-beverages-preparations"", ""en:plant-based-foods-and-beverages"", ""en:beverages"", ""en:plant-based-foods"", ""en:dairy-substitutes"", ""en:frozen-foods"", ""en:milk-substitutes"", ""en:nuts-and-their-products"", ""en:plant-based-beverages"", ""en:plant-based-milk-alternatives"", ""en:nut-based-drinks""]",d,4.0,15b74364b490cf3d544d25263d3e844298f559beb9609bf0705a5f0524eedea1,2026-09-06T23:00:36.574979+00:00,1778747871,NO_VERIFICABLE_HISTORICAMENTE
8033976484743,Bresaola,"Decò, F.lli Arena","[""en:meats-and-their-products"", ""en:beef-and-its-products"", ""en:meat-preparations"", ""en:meats"", ""en:prepared-meats"", ""en:beef"", ""en:beef-preparations"", ""en:dried-meats"", ""en:prepared-beef-meats"", ""en:bresaola""]",e,4.0,6eaaf4c6cc6995a83ef8a1ae669cb66891e3062d64cc31e86273100668253a16,2026-09-05T19:36:18.498253+00:00,1774915075,NO_VERIFICABLE_HISTORICAMENTE
8719200265578,Flora,Flora,"[""en:plant-based-foods-and-beverages"", ""en:plant-based-foods"", ""en:spreads"", ""en:fats"", ""en:plant-based-spreads"", ""en:salted-spreads"", ""en:vegetable-fats"", ""en:spreadable-fats"", ""en:margarines""]",d,4.0,520aff3fa700c59840ef713438cf96ff94a460835c93e43168e3db4c8b5fe974,2026-09-06T23:00:41.742163+00:00,1774538102,NO_VERIFICABLE_HISTORICAMENTE
8801068091298,"Jūržolių užkandis SAMLIP, vasabio skonio",samlip,,unknown,,41e4e80d87c039765cc7834e3e34110f27774aa20bbdac8d3825714212ca97fb,2026-09-06T23:00:47.010467+00:00,1770396261,NO_VERIFICABLE_HISTORICAMENTE
8901725015275,Dark Fantasy Choco fills,"Sunfeast, Sunfeast is sold by ITC Limited","[""en:snacks"", ""en:sweet-snacks"", ""en:biscuits-and-cakes"", ""en:biscuits-and-crackers"", ""en:biscuits""]",e,4.0,b9763ef43d0755ccce4678810390c7e65c2023a87a47330d36cfac1181696c96,2026-09-06T23:00:52.328806+00:00,1788613744,NO_VERIFICABLE_HISTORICAMENTE
8994963002794,Instant noodles,Indo Mie,"[""en:plant-based-foods-and-beverages"", ""en:plant-based-foods"", ""en:dried-products"", ""en:dried-products-to-be-rehydrated"", ""en:pastas"", ""en:noodles"", ""en:instant-noodles""]",unknown,4.0,9332144843295046c496966bc63cc3aafb0e92ce92419a80a49336cb5ca03215,2026-09-06T23:00:57.647805+00:00,1777912375,NO_VERIFICABLE_HISTORICAMENTE
