ruta_original,url,sha256,adquirido_utc,snapshot,redistribucion
data/source_archive/open_food_facts/00204682.json,https://world.openfoodfacts.org/api/v3.6/product/00204682.json,c64b3fc5e4c20ce3b513d48a0f725676c218dd586bcb90145d0bebe95a4a40f9,2026-09-06T22:55:16.858176+00:00,,ORIGINAL_EXCLUIDO_PROYECCION_DERIVADA
data/source_archive/open_food_facts/0021130306022.json,https://world.openfoodfacts.org/api/v3.6/product/0021130306022.json,029e122e3be26b29601c3487f8bb4600690da9766b096e26435b7006887be8e8,2026-09-06T22:55:22.090295+00:00,,ORIGINAL_EXCLUIDO_PROYECCION_DERIVADA
data/source_archive/open_food_facts/0021130494859.json,https://world.openfoodfacts.org/api/v3.6/product/0021130494859.json,86e7f3a3babcfb308826d3e0ec333046f5adc347ac8312bf9121b03d6ab78c92,2026-09-06T22:55:27.278151+00:00,,ORIGINAL_EXCLUIDO_PROYECCION_DERIVADA
data/source_archive/open_food_facts/0021500042178.json,https://world.openfoodfacts.org/api/v3.6/product/0021500042178.json,ebbae8c996be59f3d148b94f0d6212e5302a8331f8913159b2e078394845fb73,2026-09-06T22:55:32.644208+00:00,,ORIGINAL_EXCLUIDO_PROYECCION_DERIVADA
data/source_archive/open_food_facts/0034500420686.json,https://world.openfoodfacts.org/api/v3.6/product/0034500420686.json,9ff48e577c797b812aa10774c39d0afb3747737e32375d9ec58650e54051964a,2026-09-06T22:55:37.827808+00:00,,ORIGINAL_EXCLUIDO_PROYECCION_DERIVADA
data/source_archive/open_food_facts/0048500205723.json,https://world.openfoodfacts.org/api/v3.6/product/0048500205723.json,dd7c81fdc1297c5639c630a74444ec2ddd2ea16c4cd28ab6b360706b5956af4f,2026-09-06T22:55:43.031158+00:00,,ORIGINAL_EXCLUIDO_PROYECCION_DERIVADA
data/source_archive/open_food_facts/0210734000003.json,https://world.openfoodfacts.org/api/v3.6/product/0210734000003.json,8c1fbbef35fb6d9234a069db2b1dd579fca2526b8ec7230eb7e6af8814bfd488,2026-09-05T19:37:28.743187+00:00,,ORIGINAL_EXCLUIDO_PROYECCION_DERIVADA
data/source_archive/open_food_facts/0290054000006.json,https://world.openfoodfacts.org/api/v3.6/product/0290054000006.json,db5b35e819a099b822960ad463bf2ed980ae35aa55aece015834db67356a0d84,2026-09-05T19:37:33.632731+00:00,,ORIGINAL_EXCLUIDO_PROYECCION_DERIVADA
data/source_archive/open_food_facts/0796252300295.json,https://world.openfoodfacts.org/api/v3.6/product/0796252300295.json,b9c1a7020fb92a32dd7da45f4f8319885d9df52dbc6e9d22b22355cd68e7e898,2026-09-06T22:55:48.204951+00:00,,ORIGINAL_EXCLUIDO_PROYECCION_DERIVADA
data/source_archive/open_food_facts/0807680111138.json,https://world.openfoodfacts.org/api/v3.6/product/0807680111138.json,94fe3280e1632bcaee755c6a88e4150b6534b39da433130abfb9694cbc755e93,2026-09-06T22:55:53.245839+00:00,,ORIGINAL_EXCLUIDO_PROYECCION_DERIVADA
data/source_archive/open_food_facts/2000000152949.json,https://world.openfoodfacts.org/api/v3.6/product/2000000152949.json,5687e94ec6e65d52b447957b81bf082365c32eb2974cc389ef4954113daa4f89,2026-09-06T22:55:58.454061+00:00,,ORIGINAL_EXCLUIDO_PROYECCION_DERIVADA
data/source_archive/open_food_facts/2006050027217.json,https://world.openfoodfacts.org/api/v3.6/product/2006050027217.json,25ebe2c0664dc0fc8864070dfad6367cc162c91b9b304e971c8569662b6e7b92,2026-09-06T22:56:03.778423+00:00,,ORIGINAL_EXCLUIDO_PROYECCION_DERIVADA
data/source_archive/open_food_facts/2006050063055.json,https://world.openfoodfacts.org/api/v3.6/product/2006050063055.json,985f87620375ca54d57583808134f9610ba96d1b751e0ca789e2061b979d1940,2026-09-06T22:56:08.941173+00:00,,ORIGINAL_EXCLUIDO_PROYECCION_DERIVADA
data/source_archive/open_food_facts/3019089042228.json,https://world.openfoodfacts.org/api/v3.6/product/3019089042228.json,93fb7c44d4b195f9d413ab31e4a27740bd30a9145da7f06004d0449b96b9eadc,2026-09-06T22:56:14.270975+00:00,,ORIGINAL_EXCLUIDO_PROYECCION_DERIVADA
data/source_archive/open_food_facts/3023260027607.json,https://world.openfoodfacts.org/api/v3.6/product/3023260027607.json,3eac23547f8e3047f8416fa80c7936a359b0788079a3551c2fbc7c308e4f9a07,2026-09-05T19:37:18.901022+00:00,,ORIGINAL_EXCLUIDO_PROYECCION_DERIVADA
data/source_archive/open_food_facts/3033491279294.json,https://world.openfoodfacts.org/api/v3.6/product/3033491279294.json,9337b9a8f828d3fea0132867547feb3b4db77b28595412f789507994a62bf174,2026-09-06T22:56:19.683954+00:00,,ORIGINAL_EXCLUIDO_PROYECCION_DERIVADA
data/source_archive/open_food_facts/3033491350795.json,https://world.openfoodfacts.org/api/v3.6/product/3033491350795.json,a42b5e3e00b24cab9b5c2abab905e3136c816253190a5e911a7c1092dcc19d9d,2026-09-06T22:56:25.042537+00:00,,ORIGINAL_EXCLUIDO_PROYECCION_DERIVADA
data/source_archive/open_food_facts/3033491451652.json,https://world.openfoodfacts.org/api/v3.6/product/3033491451652.json,4f4f349aabb1015eafbf3f0f76a06dc782c3b0cb841cf9095ed4cf9c1f2e1ec0,2026-09-05T19:37:13.847004+00:00,,ORIGINAL_EXCLUIDO_PROYECCION_DERIVADA
data/source_archive/open_food_facts/3038353911909.json,https://world.openfoodfacts.org/api/v3.6/product/3038353911909.json,f713a2cd4d3b4ebb3c936eb81b23522946973d2ee987128fbcd7a3779bc34b1c,2026-09-06T22:56:30.356241+00:00,,ORIGINAL_EXCLUIDO_PROYECCION_DERIVADA
data/source_archive/open_food_facts/3038359004544.json,https://world.openfoodfacts.org/api/v3.6/product/3038359004544.json,1525ef9c4b93a3b937a69eaec8f574478094d6ae7f1cef983e3d35932dc3445a,2026-09-06T22:56:35.694423+00:00,,ORIGINAL_EXCLUIDO_PROYECCION_DERIVADA
data/source_archive/open_food_facts/3045320517699.json,https://world.openfoodfacts.org/api/v3.6/product/3045320517699.json,aafd046f21607968a416dd3ed65c6f362f3319d9a03fce139c23db77bed4e9f1,2026-09-06T22:56:40.992922+00:00,,ORIGINAL_EXCLUIDO_PROYECCION_DERIVADA
data/source_archive/open_food_facts/3059940006976.json,https://world.openfoodfacts.org/api/v3.6/product/3059940006976.json,5d8e573932a7335e4d3f27d21d38abc443879e4e2c0f96282a0f7a9abdb7e0df,2026-09-06T22:56:46.000181+00:00,,ORIGINAL_EXCLUIDO_PROYECCION_DERIVADA
data/source_archive/open_food_facts/3086123170629.json,https://world.openfoodfacts.org/api/v3.6/product/3086123170629.json,0391bfa6c8ebbcd8c32a04e72e7fd2ddf4c31c8077e5304af7f1b5e7858a2aa0,2026-09-06T22:56:50.984172+00:00,,ORIGINAL_EXCLUIDO_PROYECCION_DERIVADA
data/source_archive/open_food_facts/3123930711758.json,https://world.openfoodfacts.org/api/v3.6/product/3123930711758.json,6e5801a73a0beaf7124302ab324b558e0d22794a5ad8e97b5d3c4c48ef89ff5f,2026-09-05T19:36:08.642901+00:00,,ORIGINAL_EXCLUIDO_PROYECCION_DERIVADA
data/source_archive/open_food_facts/3165959213028.json,https://world.openfoodfacts.org/api/v3.6/product/3165959213028.json,211e36bf2792ead092a9301b7f45bcdb8033e2dc0fc9a4c394665ad8fbd7fb7d,2026-09-06T22:56:56.295961+00:00,,ORIGINAL_EXCLUIDO_PROYECCION_DERIVADA
data/source_archive/open_food_facts/3183811008117.json,https://world.openfoodfacts.org/api/v3.6/product/3183811008117.json,875e5c0a681fe65d6cbed50d96ab72617d082823628cc689b523cc663d376db4,2026-09-06T22:57:01.625345+00:00,,ORIGINAL_EXCLUIDO_PROYECCION_DERIVADA
data/source_archive/open_food_facts/3220035229611.json,https://world.openfoodfacts.org/api/v3.6/product/3220035229611.json,2d886b3652dcce1dc85336eb81d739ae10e498acf96c7600c57c78eb69bcf61f,2026-09-05T19:36:28.786097+00:00,,ORIGINAL_EXCLUIDO_PROYECCION_DERIVADA
data/source_archive/open_food_facts/3220035570003.json,https://world.openfoodfacts.org/api/v3.6/product/3220035570003.json,fe0d85b923ed8cc5ab0b4b170fb967f64a6c15175eec3023d52e0fe1559a1b2b,2026-09-05T19:37:08.775117+00:00,,ORIGINAL_EXCLUIDO_PROYECCION_DERIVADA
data/source_archive/open_food_facts/3222471055113.json,https://world.openfoodfacts.org/api/v3.6/product/3222471055113.json,0ff927686f202acd17f237c6d0bced14a9c27c80c5186c9fb1f4ce12a12516ef,2026-09-06T22:57:07.177192+00:00,,ORIGINAL_EXCLUIDO_PROYECCION_DERIVADA
data/source_archive/open_food_facts/3240931548135.json,https://world.openfoodfacts.org/api/v3.6/product/3240931548135.json,b04956fb72164d0aa169caa42e9bfdbb13617cfbe2044d789ec498de0fa4d998,2026-09-06T22:57:12.552522+00:00,,ORIGINAL_EXCLUIDO_PROYECCION_DERIVADA
data/source_archive/open_food_facts/3242272981053.json,https://world.openfoodfacts.org/api/v3.6/product/3242272981053.json,fcc59ea98d64c203ad1d9e0958086b8c4d79741d9fe17bbae4d0b561a39c5f92,2026-09-06T22:57:17.880756+00:00,,ORIGINAL_EXCLUIDO_PROYECCION_DERIVADA
data/source_archive/open_food_facts/3250390145912.json,https://world.openfoodfacts.org/api/v3.6/product/3250390145912.json,43aa3b64e5898ccfbb75b6171ba333e91f4adfc9cf7db78d49cb0836e00f26ee,2026-09-06T22:57:23.053635+00:00,,ORIGINAL_EXCLUIDO_PROYECCION_DERIVADA
data/source_archive/open_food_facts/3250390523970.json,https://world.openfoodfacts.org/api/v3.6/product/3250390523970.json,974c79f188174fc78eed4fe6939231a0865b3918a7a59bd68d73b9bbe9b3887f,2026-09-05T19:36:48.578165+00:00,,ORIGINAL_EXCLUIDO_PROYECCION_DERIVADA
data/source_archive/open_food_facts/3250390564843.json,https://world.openfoodfacts.org/api/v3.6/product/3250390564843.json,ff05eb6595d81da6c2c979b788b806c329749b1c665397a36436f95bb6f37e8e,2026-09-06T22:57:28.415793+00:00,,ORIGINAL_EXCLUIDO_PROYECCION_DERIVADA
data/source_archive/open_food_facts/3250391980253.json,https://world.openfoodfacts.org/api/v3.6/product/3250391980253.json,89bc1f82d0fb5c0176e88354cc2acd19a53c87a3289fd1bb1d9c9b4195de8cb4,2026-09-05T19:36:58.641522+00:00,,ORIGINAL_EXCLUIDO_PROYECCION_DERIVADA
data/source_archive/open_food_facts/3250392335137.json,https://world.openfoodfacts.org/api/v3.6/product/3250392335137.json,474788863f569cdbd0815735a64b51ea4b043be12d00555ec96c2aff8fe00533,2026-09-05T19:36:38.710955+00:00,,ORIGINAL_EXCLUIDO_PROYECCION_DERIVADA
data/source_archive/open_food_facts/3250392404499.json,https://world.openfoodfacts.org/api/v3.6/product/3250392404499.json,00d42f16781b7da919efea3ca74251a555a48ed4f339cdfc927f50840c6234a7,2026-09-05T19:36:53.722895+00:00,,ORIGINAL_EXCLUIDO_PROYECCION_DERIVADA
data/source_archive/open_food_facts/3256223264768.json,https://world.openfoodfacts.org/api/v3.6/product/3256223264768.json,f277c32316fd1acb5304c6e39a206a55a6c5487ae830b7a15737ff153f1b9a02,2026-09-06T22:57:33.757191+00:00,,ORIGINAL_EXCLUIDO_PROYECCION_DERIVADA
data/source_archive/open_food_facts/3256224255017.json,https://world.openfoodfacts.org/api/v3.6/product/3256224255017.json,81b66f20413d062b6a7737d2826aca2311d95374ade3133be3ec7904307bce1c,2026-09-06T22:57:39.117822+00:00,,ORIGINAL_EXCLUIDO_PROYECCION_DERIVADA
data/source_archive/open_food_facts/3256228195487.json,https://world.openfoodfacts.org/api/v3.6/product/3256228195487.json,6c8577ef0db2e4d37c148fd3bbe605cfd91fd602a7905928a6daea112334f8e1,2026-09-06T22:57:44.435876+00:00,,ORIGINAL_EXCLUIDO_PROYECCION_DERIVADA
data/source_archive/open_food_facts/3266140053581.json,https://world.openfoodfacts.org/api/v3.6/product/3266140053581.json,268db8cef48b91af093cc67326b7e1bf962d7ddb25b169dcb6d730d6c8618796,2026-09-06T22:57:49.808962+00:00,,ORIGINAL_EXCLUIDO_PROYECCION_DERIVADA
data/source_archive/open_food_facts/3270190023524.json,https://world.openfoodfacts.org/api/v3.6/product/3270190023524.json,c5e067c3b9a6d768d495e6bb10d8ccb5832849df2bf4cf1e12b09a6050ea9743,2026-09-06T22:57:55.173339+00:00,,ORIGINAL_EXCLUIDO_PROYECCION_DERIVADA
data/source_archive/open_food_facts/3273220530375.json,https://world.openfoodfacts.org/api/v3.6/product/3273220530375.json,6ded435720592454a2d9667c61e7fdd74a5e134d1f4d2505a20e41f9f80fbf8d,2026-09-06T22:58:00.345507+00:00,,ORIGINAL_EXCLUIDO_PROYECCION_DERIVADA
data/source_archive/open_food_facts/3280220908073.json,https://world.openfoodfacts.org/api/v3.6/product/3280220908073.json,97f68419ca95f141618ee9c358e714ca9267fd617f335a4e669723e0c85ceb00,2026-09-05T19:36:43.666144+00:00,,ORIGINAL_EXCLUIDO_PROYECCION_DERIVADA
data/source_archive/open_food_facts/3297760097969.json,https://world.openfoodfacts.org/api/v3.6/product/3297760097969.json,4ca81216211f1bcee72fbec12aa048f20f553391238401e6a12b791653d2924c,2026-09-06T22:58:05.692892+00:00,,ORIGINAL_EXCLUIDO_PROYECCION_DERIVADA
data/source_archive/open_food_facts/3302740047312.json,https://world.openfoodfacts.org/api/v3.6/product/3302740047312.json,c6e416d7690beab36142fe27c4cfe15cba0edd1a6291fa0004a1c84a22a7a8bb,2026-09-06T22:58:11.178014+00:00,,ORIGINAL_EXCLUIDO_PROYECCION_DERIVADA
data/source_archive/open_food_facts/3384110004736.json,https://world.openfoodfacts.org/api/v3.6/product/3384110004736.json,aee7ee61aaef49ced717631d7a48fa451ee7cd589b946594674713c65a8a42a7,2026-09-06T22:58:16.312420+00:00,,ORIGINAL_EXCLUIDO_PROYECCION_DERIVADA
data/source_archive/open_food_facts/3412290023909.json,https://world.openfoodfacts.org/api/v3.6/product/3412290023909.json,5be80ad8e7d2bced097cf2d67f047b42504ca05afb54346eda40e5496110d8e3,2026-09-05T19:37:03.716173+00:00,,ORIGINAL_EXCLUIDO_PROYECCION_DERIVADA
data/source_archive/open_food_facts/3423182102411.json,https://world.openfoodfacts.org/api/v3.6/product/3423182102411.json,d0db609e5c045e822adffddf1c76db2d871627f5ea815751fcd0216e91ad4014,2026-09-06T22:58:21.457654+00:00,,ORIGINAL_EXCLUIDO_PROYECCION_DERIVADA
data/source_archive/open_food_facts/3443431503004.json,https://world.openfoodfacts.org/api/v3.6/product/3443431503004.json,c126eff15c206b04bbf51f37494d9d7315ce39955a20846a7f0aba6a573413df,2026-09-06T22:58:26.582736+00:00,,ORIGINAL_EXCLUIDO_PROYECCION_DERIVADA
data/source_archive/open_food_facts/3450970173834.json,https://world.openfoodfacts.org/api/v3.6/product/3450970173834.json,b2903dee5936fc920a8e1a6566e283e292568d17f448d9e8cc673462900efccb,2026-09-06T22:58:31.879943+00:00,,ORIGINAL_EXCLUIDO_PROYECCION_DERIVADA
data/source_archive/open_food_facts/3456300014556.json,https://world.openfoodfacts.org/api/v3.6/product/3456300014556.json,28163a9aa69ae9dc57a947e50ab8cfa93c424eb067341d182af5a868ba9d1823,2026-09-06T22:58:37.175429+00:00,,ORIGINAL_EXCLUIDO_PROYECCION_DERIVADA
data/source_archive/open_food_facts/3500390010247.json,https://world.openfoodfacts.org/api/v3.6/product/3500390010247.json,b8c4d0dc28df773eacb84b3b8e73410830a3f89b708e550e0ef3c9a9a4294f8f,2026-09-05T19:36:13.571074+00:00,,ORIGINAL_EXCLUIDO_PROYECCION_DERIVADA
data/source_archive/open_food_facts/3560070206469.json,https://world.openfoodfacts.org/api/v3.6/product/3560070206469.json,106436df1ad8f8c78b20c27234f836affc256b833f79b363d0f5e26f12ddbc12,2026-09-05T19:36:03.576421+00:00,,ORIGINAL_EXCLUIDO_PROYECCION_DERIVADA
data/source_archive/open_food_facts/3560070283484.json,https://world.openfoodfacts.org/api/v3.6/product/3560070283484.json,24fd7006bec7ae662e98251226eb42439e6c7802223600ca61ccf96263d702be,2026-09-05T19:35:58.464842+00:00,,ORIGINAL_EXCLUIDO_PROYECCION_DERIVADA
data/source_archive/open_food_facts/3560071264550.json,https://world.openfoodfacts.org/api/v3.6/product/3560071264550.json,270682ecd33d1e580d2efd7ace247ca3319986fda2be8a41211e79187ac5d073,2026-09-06T22:58:42.396685+00:00,,ORIGINAL_EXCLUIDO_PROYECCION_DERIVADA
data/source_archive/open_food_facts/3560071266721.json,https://world.openfoodfacts.org/api/v3.6/product/3560071266721.json,77addbcf09f1edb4dd42a25c757ab4bec013498d6ec3e5d9be12e66bc04b0951,2026-09-06T22:58:47.721076+00:00,,ORIGINAL_EXCLUIDO_PROYECCION_DERIVADA
data/source_archive/open_food_facts/3566141001087.json,https://world.openfoodfacts.org/api/v3.6/product/3566141001087.json,b7948394a3f105985af52393aa14931c60fa44b5c96d76add45d2fce20b76027,2026-09-06T22:58:52.706571+00:00,,ORIGINAL_EXCLUIDO_PROYECCION_DERIVADA
data/source_archive/open_food_facts/3580281710067.json,https://world.openfoodfacts.org/api/v3.6/product/3580281710067.json,c9ec3e85df6c216f57687fd9d4ce48d93e32184cecdd307a891ff892bc74fe42,2026-09-06T22:58:57.837810+00:00,,ORIGINAL_EXCLUIDO_PROYECCION_DERIVADA
data/source_archive/open_food_facts/3596710435791.json,https://world.openfoodfacts.org/api/v3.6/product/3596710435791.json,6a9f96dcaf3d96f4bc272d1751371a8823df59a8e0244f9821a538d6ecc0602b,2026-09-06T22:59:02.991396+00:00,,ORIGINAL_EXCLUIDO_PROYECCION_DERIVADA
data/source_archive/open_food_facts/3760020507916.json,https://world.openfoodfacts.org/api/v3.6/product/3760020507916.json,d9cea108ffaf5dd04b2e00df5ad1901015599cd34b55021ed1fc14aee7cff222,2026-09-05T19:36:23.581606+00:00,,ORIGINAL_EXCLUIDO_PROYECCION_DERIVADA
data/source_archive/open_food_facts/3760090370571.json,https://world.openfoodfacts.org/api/v3.6/product/3760090370571.json,750430216bd4e8274a8aa268b299aa380850033f7c0cf76bbd910d3e0bda1036,2026-09-06T22:59:08.170875+00:00,,ORIGINAL_EXCLUIDO_PROYECCION_DERIVADA
data/source_archive/open_food_facts/3760297370206.json,https://world.openfoodfacts.org/api/v3.6/product/3760297370206.json,c4a8a73fa17261e7abaeb5ae79bfb2c1aa5dda9923620f65a19a7ddca62ca750,2026-09-06T22:59:13.414631+00:00,,ORIGINAL_EXCLUIDO_PROYECCION_DERIVADA
data/source_archive/open_food_facts/3760341070236.json,https://world.openfoodfacts.org/api/v3.6/product/3760341070236.json,f1b2c0555943271b29188ef76d3fa0b0fe915885ccb4bdeb696797cb762abec9,2026-09-06T22:59:18.581119+00:00,,ORIGINAL_EXCLUIDO_PROYECCION_DERIVADA
data/source_archive/open_food_facts/3770014111777.json,https://world.openfoodfacts.org/api/v3.6/product/3770014111777.json,32a912a44d6e223dfafb23196f02904fbe8ebf3ba34e10c30d44d9fe35794117,2026-09-05T19:36:33.752576+00:00,,ORIGINAL_EXCLUIDO_PROYECCION_DERIVADA
data/source_archive/open_food_facts/3770018078151.json,https://world.openfoodfacts.org/api/v3.6/product/3770018078151.json,d3b2de87961cdb4eaa4161956fe1fcc83469f0fe7c6ee05e5f930f9de9c32413,2026-09-06T22:59:23.891534+00:00,,ORIGINAL_EXCLUIDO_PROYECCION_DERIVADA
data/source_archive/open_food_facts/4001242003633.json,https://world.openfoodfacts.org/api/v3.6/product/4001242003633.json,77893399f5cc2eaec230a916fb0a05ca1034b02da352bc9cd111106bfacf4f7a,2026-09-06T22:59:29.196377+00:00,,ORIGINAL_EXCLUIDO_PROYECCION_DERIVADA
data/source_archive/open_food_facts/4042316993221.json,https://world.openfoodfacts.org/api/v3.6/product/4042316993221.json,cc1ba10d387fa60f150078b2e5464915ff9e7123e402588835de9474354c3eff,2026-09-06T22:59:34.160029+00:00,,ORIGINAL_EXCLUIDO_PROYECCION_DERIVADA
data/source_archive/open_food_facts/4061464487482.json,https://world.openfoodfacts.org/api/v3.6/product/4061464487482.json,a1723f3efe4248aaca50726c77ab9f516290e57ac2805d8457975849cf5dd788,2026-09-05T19:37:23.984365+00:00,,ORIGINAL_EXCLUIDO_PROYECCION_DERIVADA
data/source_archive/open_food_facts/4063367510533.json,https://world.openfoodfacts.org/api/v3.6/product/4063367510533.json,734b394737b6fec6503def19507cfbfd60cfb885eebab0a827c326ba2004b798,2026-09-06T22:59:39.197247+00:00,,ORIGINAL_EXCLUIDO_PROYECCION_DERIVADA
data/source_archive/open_food_facts/4260031550011.json,https://world.openfoodfacts.org/api/v3.6/product/4260031550011.json,9843e2740256b9c6bcda97e4341729bc1df43b8755db56c358648bae52fb7bf3,2026-09-06T22:59:44.449363+00:00,,ORIGINAL_EXCLUIDO_PROYECCION_DERIVADA
data/source_archive/open_food_facts/4850002940974.json,https://world.openfoodfacts.org/api/v3.6/product/4850002940974.json,062033c0fad973e7a275a9c41139ce22165e2111e2e3d1fb1f9bce682011046e,2026-09-06T22:59:49.616712+00:00,,ORIGINAL_EXCLUIDO_PROYECCION_DERIVADA
data/source_archive/open_food_facts/5000112611878.json,https://world.openfoodfacts.org/api/v3.6/product/5000112611878.json,f41cd3f2dade88d4268353353d5dbf52f2025a396d4f4a709efe3ac9ab99291f,2026-09-06T22:59:54.940802+00:00,,ORIGINAL_EXCLUIDO_PROYECCION_DERIVADA
data/source_archive/open_food_facts/5214002552640.json,https://world.openfoodfacts.org/api/v3.6/product/5214002552640.json,edff220e9adfdf18329436ce4a30724ae00c72b82cfd6c29bdee8d58883e6174,2026-09-06T23:00:00.099375+00:00,,ORIGINAL_EXCLUIDO_PROYECCION_DERIVADA
data/source_archive/open_food_facts/5760466994484.json,https://world.openfoodfacts.org/api/v3.6/product/5760466994484.json,4b8a4bde18ea0560c66d4d1fe99684d52fc38b2b2ba27186f5d549d894fbf767,2026-09-06T23:00:05.245390+00:00,,ORIGINAL_EXCLUIDO_PROYECCION_DERIVADA
data/source_archive/open_food_facts/7622210231277.json,https://world.openfoodfacts.org/api/v3.6/product/7622210231277.json,b8e70d512b8775870ea0c2982015591efab923b4162d0deff369008a6077ed07,2026-09-06T23:00:10.567468+00:00,,ORIGINAL_EXCLUIDO_PROYECCION_DERIVADA
data/source_archive/open_food_facts/7792052075169.json,https://world.openfoodfacts.org/api/v3.6/product/7792052075169.json,253db387eca8f481f6041cfaf085e2a0c07a95b922ffa485172d7e1c22e2d9f7,2026-09-06T23:00:15.704290+00:00,,ORIGINAL_EXCLUIDO_PROYECCION_DERIVADA
data/source_archive/open_food_facts/8000500391228.json,https://world.openfoodfacts.org/api/v3.6/product/8000500391228.json,541523ed87af4efb3ec302fab0b84715f2fe033aae8dbbdead2475d86083edb2,2026-09-06T23:00:21.039136+00:00,,ORIGINAL_EXCLUIDO_PROYECCION_DERIVADA
data/source_archive/open_food_facts/8002470031937.json,https://world.openfoodfacts.org/api/v3.6/product/8002470031937.json,5ed04ecae15a2bfd56b323e17f5ef6ad42d9f0885a52949aadc91d5404ab7a6b,2026-09-06T23:00:26.212094+00:00,,ORIGINAL_EXCLUIDO_PROYECCION_DERIVADA
data/source_archive/open_food_facts/8007066010075.json,https://world.openfoodfacts.org/api/v3.6/product/8007066010075.json,fc78047fdfa64c5f71cea854c5f5824a578090689a27c25ddf458287787fa181,2026-09-06T23:00:31.394592+00:00,,ORIGINAL_EXCLUIDO_PROYECCION_DERIVADA
data/source_archive/open_food_facts/8023678730606.json,https://world.openfoodfacts.org/api/v3.6/product/8023678730606.json,15b74364b490cf3d544d25263d3e844298f559beb9609bf0705a5f0524eedea1,2026-09-06T23:00:36.574979+00:00,,ORIGINAL_EXCLUIDO_PROYECCION_DERIVADA
data/source_archive/open_food_facts/8033976484743.json,https://world.openfoodfacts.org/api/v3.6/product/8033976484743.json,6eaaf4c6cc6995a83ef8a1ae669cb66891e3062d64cc31e86273100668253a16,2026-09-05T19:36:18.498253+00:00,,ORIGINAL_EXCLUIDO_PROYECCION_DERIVADA
data/source_archive/open_food_facts/8719200265578.json,https://world.openfoodfacts.org/api/v3.6/product/8719200265578.json,520aff3fa700c59840ef713438cf96ff94a460835c93e43168e3db4c8b5fe974,2026-09-06T23:00:41.742163+00:00,,ORIGINAL_EXCLUIDO_PROYECCION_DERIVADA
data/source_archive/open_food_facts/8801068091298.json,https://world.openfoodfacts.org/api/v3.6/product/8801068091298.json,41e4e80d87c039765cc7834e3e34110f27774aa20bbdac8d3825714212ca97fb,2026-09-06T23:00:47.010467+00:00,,ORIGINAL_EXCLUIDO_PROYECCION_DERIVADA
data/source_archive/open_food_facts/8901725015275.json,https://world.openfoodfacts.org/api/v3.6/product/8901725015275.json,b9763ef43d0755ccce4678810390c7e65c2023a87a47330d36cfac1181696c96,2026-09-06T23:00:52.328806+00:00,,ORIGINAL_EXCLUIDO_PROYECCION_DERIVADA
data/source_archive/open_food_facts/8994963002794.json,https://world.openfoodfacts.org/api/v3.6/product/8994963002794.json,9332144843295046c496966bc63cc3aafb0e92ce92419a80a49336cb5ca03215,2026-09-06T23:00:57.647805+00:00,,ORIGINAL_EXCLUIDO_PROYECCION_DERIVADA
data/source_archive/proofs/metadata/proof_1.json,https://prices.openfoodfacts.org/api/v1/proofs/1,ed4ac3816ec57380b354c1453b65e57903752df7c6462a8890b568102277ec64,2026-09-06T23:00:59.594359+00:00,,ORIGINAL_EXCLUIDO_PROYECCION_DERIVADA
data/source_archive/proofs/metadata/proof_100346.json,https://prices.openfoodfacts.org/api/v1/proofs/100346,2dc90251bc156f6ca586e21414bed2942c3386b42e9802de72afa54cbf51d6fc,2026-09-06T23:08:20.811826+00:00,,ORIGINAL_EXCLUIDO_PROYECCION_DERIVADA
data/source_archive/proofs/metadata/proof_109156.json,https://prices.openfoodfacts.org/api/v1/proofs/109156,a18825a321362721ad18d4b68657e4a2d57a39bec5e6285ba204ec70769364d2,2026-09-06T23:08:25.574199+00:00,,ORIGINAL_EXCLUIDO_PROYECCION_DERIVADA
data/source_archive/proofs/metadata/proof_110451.json,https://prices.openfoodfacts.org/api/v1/proofs/110451,7e9b79fc86376ee4729707bfdf0ef381a38e1e36328ca426d1914bc477f8939d,2026-09-06T23:08:30.117004+00:00,,ORIGINAL_EXCLUIDO_PROYECCION_DERIVADA
data/source_archive/proofs/metadata/proof_111168.json,https://prices.openfoodfacts.org/api/v1/proofs/111168,9478056bb3f37d2d660cd479038c84885cf9da788adfd1618dd0301e82026643,2026-09-06T23:08:34.590840+00:00,,ORIGINAL_EXCLUIDO_PROYECCION_DERIVADA
data/source_archive/proofs/metadata/proof_111929.json,https://prices.openfoodfacts.org/api/v1/proofs/111929,8bcf7327394d542e11b6e68bd7104d55d087763dcea23d3a6072b87065c786b0,2026-09-06T23:08:38.532234+00:00,,ORIGINAL_EXCLUIDO_PROYECCION_DERIVADA
data/source_archive/proofs/metadata/proof_113747.json,https://prices.openfoodfacts.org/api/v1/proofs/113747,8b8b86b5e93c793588e6fd2a555ae486025803ee735eefb20d361f90586f7137,2026-09-06T23:08:42.459783+00:00,,ORIGINAL_EXCLUIDO_PROYECCION_DERIVADA
data/source_archive/proofs/metadata/proof_11392.json,https://prices.openfoodfacts.org/api/v1/proofs/11392,33253cf53cc35ffa21385cbbab1415b471818b46ce89276cb2b059ac864aa27f,2026-09-06T18:10:57.486354+00:00,,ORIGINAL_EXCLUIDO_PROYECCION_DERIVADA
data/source_archive/proofs/metadata/proof_11420.json,https://prices.openfoodfacts.org/api/v1/proofs/11420,9214c76d6508806df1b4f59001a4b87fabb2c58589916a3c0bfacb901356483c,2026-09-06T18:10:54.050549+00:00,,ORIGINAL_EXCLUIDO_PROYECCION_DERIVADA
data/source_archive/proofs/metadata/proof_11436.json,https://prices.openfoodfacts.org/api/v1/proofs/11436,e5dcac6929cd06364b3acadc0a350628db195a477e6bb63dacbec08289744b48,2026-09-06T23:01:55.888536+00:00,,ORIGINAL_EXCLUIDO_PROYECCION_DERIVADA
data/source_archive/proofs/metadata/proof_11448.json,https://prices.openfoodfacts.org/api/v1/proofs/11448,0e5d1767107219d4bfd2fd48fea08198058b5470e536b811c3b152e91ad6eeb2,2026-09-06T18:11:00.983387+00:00,,ORIGINAL_EXCLUIDO_PROYECCION_DERIVADA
data/source_archive/proofs/metadata/proof_11450.json,https://prices.openfoodfacts.org/api/v1/proofs/11450,670b620762f9e5dfeace0d1b2010b18fdb8492c8322b01842e22339d059c7cba,2026-09-06T23:01:59.778612+00:00,,ORIGINAL_EXCLUIDO_PROYECCION_DERIVADA
data/source_archive/proofs/metadata/proof_11451.json,https://prices.openfoodfacts.org/api/v1/proofs/11451,0ba0bed3ba889c264732fa931cfb1f12e33ec8a7452a98ce8a8b6bf16e69958b,2026-09-06T18:10:59.232557+00:00,,ORIGINAL_EXCLUIDO_PROYECCION_DERIVADA
data/source_archive/proofs/metadata/proof_11452.json,https://prices.openfoodfacts.org/api/v1/proofs/11452,61fbf5a8a82327c5812efbb74d9daf4a284bd796ec6a5a023e9cafccab176b0d,2026-09-06T23:02:03.689120+00:00,,ORIGINAL_EXCLUIDO_PROYECCION_DERIVADA
data/source_archive/proofs/metadata/proof_11453.json,https://prices.openfoodfacts.org/api/v1/proofs/11453,e849020d95781e7429e9ac4abf87b3a69391a570bc93b1482c23c539d6293409,2026-09-06T23:02:07.611772+00:00,,ORIGINAL_EXCLUIDO_PROYECCION_DERIVADA
data/source_archive/proofs/metadata/proof_11457.json,https://prices.openfoodfacts.org/api/v1/proofs/11457,ec4a8620c02ebfe1d7b24dd7d112b3e8c2e0d11f2420dcdffeda823b32e6df7b,2026-09-06T23:02:11.360763+00:00,,ORIGINAL_EXCLUIDO_PROYECCION_DERIVADA
data/source_archive/proofs/metadata/proof_11459.json,https://prices.openfoodfacts.org/api/v1/proofs/11459,503a36a33e5aaaaa3ec497bfc04b6a0223be83c8fbeb012cf035c7237f246ffe,2026-09-06T23:02:15.319968+00:00,,ORIGINAL_EXCLUIDO_PROYECCION_DERIVADA
data/source_archive/proofs/metadata/proof_11460.json,https://prices.openfoodfacts.org/api/v1/proofs/11460,5fd38140959b98caa5425a99bb3c57bf795c07968b0a778ae6a01376719ca899,2026-09-06T23:02:19.256690+00:00,,ORIGINAL_EXCLUIDO_PROYECCION_DERIVADA
data/source_archive/proofs/metadata/proof_11462.json,https://prices.openfoodfacts.org/api/v1/proofs/11462,919096275d7ecd18516cd98aa27d09c4b427f44fa04789bfb7cd769e1310f4a5,2026-09-06T23:02:23.005290+00:00,,ORIGINAL_EXCLUIDO_PROYECCION_DERIVADA
data/source_archive/proofs/metadata/proof_11463.json,https://prices.openfoodfacts.org/api/v1/proofs/11463,5f28f72e4ea8a214f252061dbf9f4dfbf6dac4970313ab09df8e54c67610d2c7,2026-09-06T18:10:52.294980+00:00,,ORIGINAL_EXCLUIDO_PROYECCION_DERIVADA
data/source_archive/proofs/metadata/proof_11464.json,https://prices.openfoodfacts.org/api/v1/proofs/11464,d265578c121ceb1b7790fb2025f00862afd1856112fb8a81e83931d78483bb71,2026-09-06T23:02:26.865825+00:00,,ORIGINAL_EXCLUIDO_PROYECCION_DERIVADA
data/source_archive/proofs/metadata/proof_118708.json,https://prices.openfoodfacts.org/api/v1/proofs/118708,7c16244d20f0cc8144ca45432747d7b4104b7879debe21cfac07a1546b9ae261,2026-09-06T23:08:47.050740+00:00,,ORIGINAL_EXCLUIDO_PROYECCION_DERIVADA
data/source_archive/proofs/metadata/proof_12176.json,https://prices.openfoodfacts.org/api/v1/proofs/12176,0348b89a3735c597bc339ed3fbdb491f81af48d53a56cc7b2adbbb2a2205a929,2026-09-06T18:10:50.568992+00:00,,ORIGINAL_EXCLUIDO_PROYECCION_DERIVADA
data/source_archive/proofs/metadata/proof_123581.json,https://prices.openfoodfacts.org/api/v1/proofs/123581,eccf5c5cfec97c8c5ae10264b1325a56cf24aaa51d2e7d4f78fcecfe0a2c93f6,2026-09-06T23:08:51.800089+00:00,,ORIGINAL_EXCLUIDO_PROYECCION_DERIVADA
data/source_archive/proofs/metadata/proof_12446.json,https://prices.openfoodfacts.org/api/v1/proofs/12446,8de4cdc9661fc8baacaeff2d70ddf00be025e19a24b8a11b15fcad0c765d653f,2026-09-06T23:02:30.781015+00:00,,ORIGINAL_EXCLUIDO_PROYECCION_DERIVADA
data/source_archive/proofs/metadata/proof_12580.json,https://prices.openfoodfacts.org/api/v1/proofs/12580,9cd10e5f8be7f9bf8758733569706803ef6859fd18cea2caf33d5f0acb9ecd5b,2026-09-06T23:02:34.551270+00:00,,ORIGINAL_EXCLUIDO_PROYECCION_DERIVADA
data/source_archive/proofs/metadata/proof_126087.json,https://prices.openfoodfacts.org/api/v1/proofs/126087,ddb2773081fc63d76548a8bf949e5568bc2e8903310a1357164dac18a251363f,2026-09-06T23:08:56.861542+00:00,,ORIGINAL_EXCLUIDO_PROYECCION_DERIVADA
data/source_archive/proofs/metadata/proof_126284.json,https://prices.openfoodfacts.org/api/v1/proofs/126284,0f40c5c181fd14385aff7a6f01c81330638b9caaf266c019f7f4ae064338afe4,2026-09-06T23:09:01.474472+00:00,,ORIGINAL_EXCLUIDO_PROYECCION_DERIVADA
data/source_archive/proofs/metadata/proof_129278.json,https://prices.openfoodfacts.org/api/v1/proofs/129278,36cdce48eecf1212611b395252b47f3f2d2bb563501bdf38bda013d2088d97b5,2026-09-06T23:09:05.882551+00:00,,ORIGINAL_EXCLUIDO_PROYECCION_DERIVADA
data/source_archive/proofs/metadata/proof_129379.json,https://prices.openfoodfacts.org/api/v1/proofs/129379,afd83ab443c3700e9454f6a65042d7a687acfe1e6e70c088bbe96e86569ecfb0,2026-09-06T23:09:10.539555+00:00,,ORIGINAL_EXCLUIDO_PROYECCION_DERIVADA
data/source_archive/proofs/metadata/proof_131361.json,https://prices.openfoodfacts.org/api/v1/proofs/131361,cbe8df29e4b742c6cdeffe5f1c2afd80a88597ffc8f25e73275ec8e1bb5247b4,2026-09-06T23:09:14.936707+00:00,,ORIGINAL_EXCLUIDO_PROYECCION_DERIVADA
data/source_archive/proofs/metadata/proof_13415.json,https://prices.openfoodfacts.org/api/v1/proofs/13415,12c3e5805fd7dcc6e22437567c42e106462c3b6083bdfb3172fecaee591a81a3,2026-09-06T23:02:38.441899+00:00,,ORIGINAL_EXCLUIDO_PROYECCION_DERIVADA
data/source_archive/proofs/metadata/proof_13948.json,https://prices.openfoodfacts.org/api/v1/proofs/13948,abaa5a458ef1fc9e550b294f14fbd761e9d3e68d9874f06ae99a90667f09f421,2026-09-06T23:02:43.064731+00:00,,ORIGINAL_EXCLUIDO_PROYECCION_DERIVADA
data/source_archive/proofs/metadata/proof_19662.json,https://prices.openfoodfacts.org/api/v1/proofs/19662,67015c3d4b464f8bf9f5acd8d36ee37389b5d06c52037834d6bc538d59de7125,2026-09-06T23:02:47.707618+00:00,,ORIGINAL_EXCLUIDO_PROYECCION_DERIVADA
data/source_archive/proofs/metadata/proof_2.json,https://prices.openfoodfacts.org/api/v1/proofs/2,1f6513ce0868adfd6c701b0c880f853319edd5e64d1881dca7d3880cd33381ac,2026-09-06T23:01:04.453296+00:00,,ORIGINAL_EXCLUIDO_PROYECCION_DERIVADA
data/source_archive/proofs/metadata/proof_20204.json,https://prices.openfoodfacts.org/api/v1/proofs/20204,078dd86f69a3ffcc6f62acd13b66a066636d0d016b0681a7db73c861d134e62e,2026-09-06T23:02:52.162192+00:00,,ORIGINAL_EXCLUIDO_PROYECCION_DERIVADA
data/source_archive/proofs/metadata/proof_20688.json,https://prices.openfoodfacts.org/api/v1/proofs/20688,2096953b63940184f2c7f68b59878daffbe78bd31cc70f7b333b6a528ce3b212,2026-09-06T23:02:56.393315+00:00,,ORIGINAL_EXCLUIDO_PROYECCION_DERIVADA
data/source_archive/proofs/metadata/proof_20758.json,https://prices.openfoodfacts.org/api/v1/proofs/20758,211626a7eb5911fe6ce45b8424bbdf522279f357f4da1184d1d71692aba8bed0,2026-09-06T23:03:00.987591+00:00,,ORIGINAL_EXCLUIDO_PROYECCION_DERIVADA
data/source_archive/proofs/metadata/proof_21379.json,https://prices.openfoodfacts.org/api/v1/proofs/21379,151887257a3fee7232a4dc3cfdf79e4f032686dd90142e74fd00821de24f9b76,2026-09-06T23:03:05.556280+00:00,,ORIGINAL_EXCLUIDO_PROYECCION_DERIVADA
data/source_archive/proofs/metadata/proof_21673.json,https://prices.openfoodfacts.org/api/v1/proofs/21673,f4037bcbe201e4651a6e9cee9d952ae56b32235ed87c0db56296018eaf22bdd2,2026-09-06T23:03:10.021509+00:00,,ORIGINAL_EXCLUIDO_PROYECCION_DERIVADA
data/source_archive/proofs/metadata/proof_2414.json,https://prices.openfoodfacts.org/api/v1/proofs/2414,539df9f50bd6f5808dc5daadbc4d4fbcd58d2a2a8cfde3c91d4b93c220c02766,2026-09-06T23:01:17.417595+00:00,,ORIGINAL_EXCLUIDO_PROYECCION_DERIVADA
data/source_archive/proofs/metadata/proof_25219.json,https://prices.openfoodfacts.org/api/v1/proofs/25219,8ddc4eae34384e34a158917fa156e080b8c2f81f54ce62ee12b246cc9655d435,2026-09-06T23:03:15.627502+00:00,,ORIGINAL_EXCLUIDO_PROYECCION_DERIVADA
data/source_archive/proofs/metadata/proof_28392.json,https://prices.openfoodfacts.org/api/v1/proofs/28392,3a69e1f1b54c8b0e8c6780fb7af780f93897e2c0f9617a08ec2dcb7a6583c5e0,2026-09-06T23:03:20.033388+00:00,,ORIGINAL_EXCLUIDO_PROYECCION_DERIVADA
data/source_archive/proofs/metadata/proof_32589.json,https://prices.openfoodfacts.org/api/v1/proofs/32589,499801229aa8485911dcddbed82a7c558b4a680f28cab95a31d729b938f551b1,2026-09-06T23:03:24.430484+00:00,,ORIGINAL_EXCLUIDO_PROYECCION_DERIVADA
data/source_archive/proofs/metadata/proof_32590.json,https://prices.openfoodfacts.org/api/v1/proofs/32590,8be1663eb8f8c22329a8ba62a712c135540bcdb71cd468d9036f7dba57103ec4,2026-09-06T23:03:29.032966+00:00,,ORIGINAL_EXCLUIDO_PROYECCION_DERIVADA
data/source_archive/proofs/metadata/proof_33520.json,https://prices.openfoodfacts.org/api/v1/proofs/33520,8151ef45eede8ac72864b2721f0886c3d9ecfa977f5c0a1f0ea37238b451436c,2026-09-06T23:03:33.823454+00:00,,ORIGINAL_EXCLUIDO_PROYECCION_DERIVADA
data/source_archive/proofs/metadata/proof_3572.json,https://prices.openfoodfacts.org/api/v1/proofs/3572,7207364b2e8462ff33fa4544c18643491b7abf35db31c8fd6953747cc540aae1,2026-09-06T23:01:21.515481+00:00,,ORIGINAL_EXCLUIDO_PROYECCION_DERIVADA
data/source_archive/proofs/metadata/proof_36138.json,https://prices.openfoodfacts.org/api/v1/proofs/36138,c0daa16e6da3f95263d3f7736de3061299f26ec078c01ea0683b1c30edf085de,2026-09-06T23:03:39.620230+00:00,,ORIGINAL_EXCLUIDO_PROYECCION_DERIVADA
data/source_archive/proofs/metadata/proof_39163.json,https://prices.openfoodfacts.org/api/v1/proofs/39163,ca7032a36c9199cf92707b9d7aaa421acc131282c95f1d0edb9af39ff3d93c95,2026-09-06T23:03:44.018821+00:00,,ORIGINAL_EXCLUIDO_PROYECCION_DERIVADA
data/source_archive/proofs/metadata/proof_3987.json,https://prices.openfoodfacts.org/api/v1/proofs/3987,e82dede603d86f3a4ae1244ebb210ccc9444e681d4e56e4821aaf1f80499579b,2026-09-06T23:01:25.642781+00:00,,ORIGINAL_EXCLUIDO_PROYECCION_DERIVADA
data/source_archive/proofs/metadata/proof_40920.json,https://prices.openfoodfacts.org/api/v1/proofs/40920,d185b4e6de10ed27fa2e3a2b0baa381a8468aaf88ec5f0279f91ecf6cae55275,2026-09-06T23:03:47.934362+00:00,,ORIGINAL_EXCLUIDO_PROYECCION_DERIVADA
data/source_archive/proofs/metadata/proof_4367.json,https://prices.openfoodfacts.org/api/v1/proofs/4367,95dc19e7388ccd62176f7765038c69ac056bb034c9c5bb73242b14a6a95804dc,2026-09-06T23:01:30.061536+00:00,,ORIGINAL_EXCLUIDO_PROYECCION_DERIVADA
data/source_archive/proofs/metadata/proof_445.json,https://prices.openfoodfacts.org/api/v1/proofs/445,19a0ae8bb095b9c33143b864b727c5285b184f8a04a3f01fbdae182561179158,2026-09-06T23:01:09.232544+00:00,,ORIGINAL_EXCLUIDO_PROYECCION_DERIVADA
data/source_archive/proofs/metadata/proof_446.json,https://prices.openfoodfacts.org/api/v1/proofs/446,7a8b83420bc79d944bd2db7d54e6d91d7301a5b643ed77cc7da00691450c663f,2026-09-06T23:01:13.296741+00:00,,ORIGINAL_EXCLUIDO_PROYECCION_DERIVADA
data/source_archive/proofs/metadata/proof_45160.json,https://prices.openfoodfacts.org/api/v1/proofs/45160,c6f1d8a534baeb3107b1c974d49a9ee408c45cc338770416af65aec86ae69e3e,2026-09-06T23:03:52.644494+00:00,,ORIGINAL_EXCLUIDO_PROYECCION_DERIVADA
data/source_archive/proofs/metadata/proof_48873.json,https://prices.openfoodfacts.org/api/v1/proofs/48873,0e906f2ed2214b3b5ef6f0fc41ab687bb0da09e6d7d8dc214f420d927fc5315a,2026-09-06T23:03:57.077050+00:00,,ORIGINAL_EXCLUIDO_PROYECCION_DERIVADA
data/source_archive/proofs/metadata/proof_53947.json,https://prices.openfoodfacts.org/api/v1/proofs/53947,8ee80374688b590fc9dee5ab7c5fdb9793da0422ab306deaf99f661b38526a21,2026-09-06T23:04:01.725911+00:00,,ORIGINAL_EXCLUIDO_PROYECCION_DERIVADA
data/source_archive/proofs/metadata/proof_5597.json,https://prices.openfoodfacts.org/api/v1/proofs/5597,d0a5047e662db00d19bcb7018906d73bce45dd714eb3fa3f9c593db5407f1217,2026-09-06T23:01:34.496915+00:00,,ORIGINAL_EXCLUIDO_PROYECCION_DERIVADA
data/source_archive/proofs/metadata/proof_56081.json,https://prices.openfoodfacts.org/api/v1/proofs/56081,3782c04749fe26f71a119776a50539baa3439bf50dc1d8a5b4b10e70e8ab6ec9,2026-09-06T23:04:05.999307+00:00,,ORIGINAL_EXCLUIDO_PROYECCION_DERIVADA
data/source_archive/proofs/metadata/proof_56630.json,https://prices.openfoodfacts.org/api/v1/proofs/56630,c66ba66e5bc9a745bd911303bea4dda0ab56625b0e03c846c873c9bc12b89684,2026-09-06T23:04:10.462992+00:00,,ORIGINAL_EXCLUIDO_PROYECCION_DERIVADA
data/source_archive/proofs/metadata/proof_60982.json,https://prices.openfoodfacts.org/api/v1/proofs/60982,3f716aa74c0866623b6002b1c3a7081164a3eb1ae3dffc1a314170a2a0e2f5b9,2026-09-06T23:04:14.902786+00:00,,ORIGINAL_EXCLUIDO_PROYECCION_DERIVADA
data/source_archive/proofs/metadata/proof_65701.json,https://prices.openfoodfacts.org/api/v1/proofs/65701,e13ce50d99997ae8462706560dea17a8f7118e8ce1900b3952db2643ea4e07d9,2026-09-06T23:04:19.342341+00:00,,ORIGINAL_EXCLUIDO_PROYECCION_DERIVADA
data/source_archive/proofs/metadata/proof_67176.json,https://prices.openfoodfacts.org/api/v1/proofs/67176,050480532ca8403be49b4d0e465c3b8f0fc4a9dfcc07d67b63df58fd1f7c840f,2026-09-06T23:04:25.170033+00:00,,ORIGINAL_EXCLUIDO_PROYECCION_DERIVADA
data/source_archive/proofs/metadata/proof_74151.json,https://prices.openfoodfacts.org/api/v1/proofs/74151,8065f64b8b076cf874dfb6c347363bb7999fd2f5e1d501153684d75a375a3c6f,2026-09-06T23:04:29.679883+00:00,,ORIGINAL_EXCLUIDO_PROYECCION_DERIVADA
data/source_archive/proofs/metadata/proof_76787.json,https://prices.openfoodfacts.org/api/v1/proofs/76787,99dfcaeb3c1a9ebf9d8d3a021c0c9903937b50f42a6fd0fd9232c90558b4844e,2026-09-06T23:04:35.877608+00:00,,ORIGINAL_EXCLUIDO_PROYECCION_DERIVADA
data/source_archive/proofs/metadata/proof_77339.json,https://prices.openfoodfacts.org/api/v1/proofs/77339,81a9d11be5e939e68ca9a21d60eb9c8e748227fc4a300a90bef62132af68b06a,2026-09-06T23:04:41.282468+00:00,,ORIGINAL_EXCLUIDO_PROYECCION_DERIVADA
data/source_archive/proofs/metadata/proof_78229.json,https://prices.openfoodfacts.org/api/v1/proofs/78229,7f37fff97d28c2c2e507537e0692365fc8561237a95f92347bf15d7d70a40377,2026-09-06T23:07:16.683742+00:00,,ORIGINAL_EXCLUIDO_PROYECCION_DERIVADA
data/source_archive/proofs/metadata/proof_78365.json,https://prices.openfoodfacts.org/api/v1/proofs/78365,863e3932875c633c21b628a47c8efbc49ec9347403fee423e3644b42952c3781,2026-09-06T23:07:24.738439+00:00,,ORIGINAL_EXCLUIDO_PROYECCION_DERIVADA
data/source_archive/proofs/metadata/proof_7953.json,https://prices.openfoodfacts.org/api/v1/proofs/7953,3e2ecd9e9d3022a086a6f6b31ecd3f2c62b9346ea619f7d8bc0b70301fce7a8f,2026-09-06T23:01:38.276969+00:00,,ORIGINAL_EXCLUIDO_PROYECCION_DERIVADA
data/source_archive/proofs/metadata/proof_7984.json,https://prices.openfoodfacts.org/api/v1/proofs/7984,7ca64c336954d2cba69501ecc9e40122f8218fe3137a464486950e7ea8508934,2026-09-06T23:01:42.862965+00:00,,ORIGINAL_EXCLUIDO_PROYECCION_DERIVADA
data/source_archive/proofs/metadata/proof_79901.json,https://prices.openfoodfacts.org/api/v1/proofs/79901,59858690c1a77219ec6dba704e9961b84bf3e6981c728f4fa6a863bf30676ed5,2026-09-06T23:07:31.112964+00:00,,ORIGINAL_EXCLUIDO_PROYECCION_DERIVADA
data/source_archive/proofs/metadata/proof_8257.json,https://prices.openfoodfacts.org/api/v1/proofs/8257,aef3d924df7e1db2a3ad4900c01e8ff6e967a0b9fb3c0ae43c0c7bab3842bcc1,2026-09-06T23:01:47.061486+00:00,,ORIGINAL_EXCLUIDO_PROYECCION_DERIVADA
data/source_archive/proofs/metadata/proof_8428.json,https://prices.openfoodfacts.org/api/v1/proofs/8428,6d933351a1c00e817292080a64cc84b789361676f2fd9193d437430135e323e7,2026-09-06T23:01:51.646648+00:00,,ORIGINAL_EXCLUIDO_PROYECCION_DERIVADA
data/source_archive/proofs/metadata/proof_87795.json,https://prices.openfoodfacts.org/api/v1/proofs/87795,306b1685dd2a8eb89358ff12b8e8f26feb8a5fd127c96bd4e2f894bb520695c9,2026-09-06T23:07:36.527316+00:00,,ORIGINAL_EXCLUIDO_PROYECCION_DERIVADA
data/source_archive/proofs/metadata/proof_8826.json,https://prices.openfoodfacts.org/api/v1/proofs/8826,82a511fa80926d2ae84f72578f749306c1ce2f28370c3960d178533fc21a3085,2026-09-06T18:10:55.808327+00:00,,ORIGINAL_EXCLUIDO_PROYECCION_DERIVADA
data/source_archive/proofs/metadata/proof_89616.json,https://prices.openfoodfacts.org/api/v1/proofs/89616,d69550b8720eae80f7353cb70335930d71f5a85c7eec275a30bd5d88f92a589a,2026-09-06T23:07:43.049417+00:00,,ORIGINAL_EXCLUIDO_PROYECCION_DERIVADA
data/source_archive/proofs/metadata/proof_89890.json,https://prices.openfoodfacts.org/api/v1/proofs/89890,37adceba41129479b70277b61e4c35e5f820d4500da420c1483471f0ccf95f83,2026-09-06T23:07:47.464370+00:00,,ORIGINAL_EXCLUIDO_PROYECCION_DERIVADA
data/source_archive/proofs/metadata/proof_90181.json,https://prices.openfoodfacts.org/api/v1/proofs/90181,0e6d128af0bc3820f60960e4c4fe362c340f38861b795fb8b59cf44ee1d66af8,2026-09-06T23:07:54.448559+00:00,,ORIGINAL_EXCLUIDO_PROYECCION_DERIVADA
data/source_archive/proofs/metadata/proof_93651.json,https://prices.openfoodfacts.org/api/v1/proofs/93651,d500c9783b62be8015e5eab0ef6094796133ed2a6b100bb067c4bb96aa1fdd64,2026-09-06T23:07:58.878819+00:00,,ORIGINAL_EXCLUIDO_PROYECCION_DERIVADA
data/source_archive/proofs/metadata/proof_93733.json,https://prices.openfoodfacts.org/api/v1/proofs/93733,5eb5495d2e5b8db2f5892bb3c60189ad6537c7054218dd761536efbea927dfb5,2026-09-06T23:08:03.085581+00:00,,ORIGINAL_EXCLUIDO_PROYECCION_DERIVADA
data/source_archive/proofs/metadata/proof_95577.json,https://prices.openfoodfacts.org/api/v1/proofs/95577,3b0361095778e9ab5ed4625978d539961d2779e602fadf3eedfee490b4ba7275,2026-09-06T23:08:07.304109+00:00,,ORIGINAL_EXCLUIDO_PROYECCION_DERIVADA
data/source_archive/proofs/metadata/proof_99413.json,https://prices.openfoodfacts.org/api/v1/proofs/99413,377cc8d0c8426f73c35e279137780ba00b993ed435b0ccc8aec3ebde9f7332d4,2026-09-06T23:08:11.714455+00:00,,ORIGINAL_EXCLUIDO_PROYECCION_DERIVADA
data/source_archive/proofs/metadata/proof_99940.json,https://prices.openfoodfacts.org/api/v1/proofs/99940,e81162e79e4e51889efe481b842235c12aba95ae66233247a3cd6de9e4d679d4,2026-09-06T23:08:16.001802+00:00,,ORIGINAL_EXCLUIDO_PROYECCION_DERIVADA
data/source_archive/open_prices/prices.parquet,https://huggingface.co/datasets/openfoodfacts/open-prices/resolve/e3cf81a0a08d3875a43c22f79ea6afce716e92f9/prices.parquet,ab1cb1c725caf4d401d88a69560a5c77df668875faf4a8bce0dee693ad5504fc,2026-09-06T18:10:19.752616+00:00,e3cf81a0a08d3875a43c22f79ea6afce716e92f9,ORIGINAL_EXCLUIDO_PROYECCION_DERIVADA
