price_id,product_code,off_source_sha256,proof_id,proof_metadata_sha256,core_source_sha256
355,3423182102411,d0db609e5c045e822adffddf1c76db2d871627f5ea815751fcd0216e91ad4014,9880,,810cdd8a91f2858188f8b870b13949b83af65bd19b657f62a6e9386976e4d816
655,3760020507916,d9cea108ffaf5dd04b2e00df5ad1901015599cd34b55021ed1fc14aee7cff222,9880,,810cdd8a91f2858188f8b870b13949b83af65bd19b657f62a6e9386976e4d816
999,3443431503004,c126eff15c206b04bbf51f37494d9d7315ce39955a20846a7f0aba6a573413df,1,ed4ac3816ec57380b354c1453b65e57903752df7c6462a8890b568102277ec64,810cdd8a91f2858188f8b870b13949b83af65bd19b657f62a6e9386976e4d816
1000,3456300014556,28163a9aa69ae9dc57a947e50ab8cfa93c424eb067341d182af5a868ba9d1823,2,1f6513ce0868adfd6c701b0c880f853319edd5e64d1881dca7d3880cd33381ac,810cdd8a91f2858188f8b870b13949b83af65bd19b657f62a6e9386976e4d816
1001,3760020507916,d9cea108ffaf5dd04b2e00df5ad1901015599cd34b55021ed1fc14aee7cff222,3,,810cdd8a91f2858188f8b870b13949b83af65bd19b657f62a6e9386976e4d816
1096,3456300014556,28163a9aa69ae9dc57a947e50ab8cfa93c424eb067341d182af5a868ba9d1823,83,,810cdd8a91f2858188f8b870b13949b83af65bd19b657f62a6e9386976e4d816
1108,3456300014556,28163a9aa69ae9dc57a947e50ab8cfa93c424eb067341d182af5a868ba9d1823,95,,810cdd8a91f2858188f8b870b13949b83af65bd19b657f62a6e9386976e4d816
1109,3760020507916,d9cea108ffaf5dd04b2e00df5ad1901015599cd34b55021ed1fc14aee7cff222,96,,810cdd8a91f2858188f8b870b13949b83af65bd19b657f62a6e9386976e4d816
1124,3760020507916,d9cea108ffaf5dd04b2e00df5ad1901015599cd34b55021ed1fc14aee7cff222,112,,810cdd8a91f2858188f8b870b13949b83af65bd19b657f62a6e9386976e4d816
1125,3456300014556,28163a9aa69ae9dc57a947e50ab8cfa93c424eb067341d182af5a868ba9d1823,113,,810cdd8a91f2858188f8b870b13949b83af65bd19b657f62a6e9386976e4d816
1142,3456300014556,28163a9aa69ae9dc57a947e50ab8cfa93c424eb067341d182af5a868ba9d1823,133,,810cdd8a91f2858188f8b870b13949b83af65bd19b657f62a6e9386976e4d816
1143,3760020507916,d9cea108ffaf5dd04b2e00df5ad1901015599cd34b55021ed1fc14aee7cff222,134,,810cdd8a91f2858188f8b870b13949b83af65bd19b657f62a6e9386976e4d816
1438,2006050063055,985f87620375ca54d57583808134f9610ba96d1b751e0ca789e2061b979d1940,445,19a0ae8bb095b9c33143b864b727c5285b184f8a04a3f01fbdae182561179158,810cdd8a91f2858188f8b870b13949b83af65bd19b657f62a6e9386976e4d816
1439,2006050027217,25ebe2c0664dc0fc8864070dfad6367cc162c91b9b304e971c8569662b6e7b92,446,7a8b83420bc79d944bd2db7d54e6d91d7301a5b643ed77cc7da00691450c663f,810cdd8a91f2858188f8b870b13949b83af65bd19b657f62a6e9386976e4d816
2457,3456300014556,28163a9aa69ae9dc57a947e50ab8cfa93c424eb067341d182af5a868ba9d1823,1467,,810cdd8a91f2858188f8b870b13949b83af65bd19b657f62a6e9386976e4d816
5101,5000112611878,f41cd3f2dade88d4268353353d5dbf52f2025a396d4f4a709efe3ac9ab99291f,2377,,810cdd8a91f2858188f8b870b13949b83af65bd19b657f62a6e9386976e4d816
5108,3456300014556,28163a9aa69ae9dc57a947e50ab8cfa93c424eb067341d182af5a868ba9d1823,2382,,810cdd8a91f2858188f8b870b13949b83af65bd19b657f62a6e9386976e4d816
5110,3760020507916,d9cea108ffaf5dd04b2e00df5ad1901015599cd34b55021ed1fc14aee7cff222,2382,,810cdd8a91f2858188f8b870b13949b83af65bd19b657f62a6e9386976e4d816
5268,3770018078151,d3b2de87961cdb4eaa4161956fe1fcc83469f0fe7c6ee05e5f930f9de9c32413,2414,539df9f50bd6f5808dc5daadbc4d4fbcd58d2a2a8cfde3c91d4b93c220c02766,810cdd8a91f2858188f8b870b13949b83af65bd19b657f62a6e9386976e4d816
5567,3456300014556,28163a9aa69ae9dc57a947e50ab8cfa93c424eb067341d182af5a868ba9d1823,2660,,810cdd8a91f2858188f8b870b13949b83af65bd19b657f62a6e9386976e4d816
5845,3038353911909,f713a2cd4d3b4ebb3c936eb81b23522946973d2ee987128fbcd7a3779bc34b1c,2919,,810cdd8a91f2858188f8b870b13949b83af65bd19b657f62a6e9386976e4d816
5950,5000112611878,f41cd3f2dade88d4268353353d5dbf52f2025a396d4f4a709efe3ac9ab99291f,3006,,810cdd8a91f2858188f8b870b13949b83af65bd19b657f62a6e9386976e4d816
6123,3384110004736,aee7ee61aaef49ced717631d7a48fa451ee7cd589b946594674713c65a8a42a7,3070,,810cdd8a91f2858188f8b870b13949b83af65bd19b657f62a6e9386976e4d816
6124,3596710435791,6a9f96dcaf3d96f4bc272d1751371a8823df59a8e0244f9821a538d6ecc0602b,3070,,810cdd8a91f2858188f8b870b13949b83af65bd19b657f62a6e9386976e4d816
6190,3384110004736,aee7ee61aaef49ced717631d7a48fa451ee7cd589b946594674713c65a8a42a7,3070,,810cdd8a91f2858188f8b870b13949b83af65bd19b657f62a6e9386976e4d816
6381,3384110004736,aee7ee61aaef49ced717631d7a48fa451ee7cd589b946594674713c65a8a42a7,3070,,810cdd8a91f2858188f8b870b13949b83af65bd19b657f62a6e9386976e4d816
6522,3384110004736,aee7ee61aaef49ced717631d7a48fa451ee7cd589b946594674713c65a8a42a7,3070,,810cdd8a91f2858188f8b870b13949b83af65bd19b657f62a6e9386976e4d816
6557,3384110004736,aee7ee61aaef49ced717631d7a48fa451ee7cd589b946594674713c65a8a42a7,3070,,810cdd8a91f2858188f8b870b13949b83af65bd19b657f62a6e9386976e4d816
6563,3038359004544,1525ef9c4b93a3b937a69eaec8f574478094d6ae7f1cef983e3d35932dc3445a,3070,,810cdd8a91f2858188f8b870b13949b83af65bd19b657f62a6e9386976e4d816
6729,3038359004544,1525ef9c4b93a3b937a69eaec8f574478094d6ae7f1cef983e3d35932dc3445a,3070,,810cdd8a91f2858188f8b870b13949b83af65bd19b657f62a6e9386976e4d816
6780,3384110004736,aee7ee61aaef49ced717631d7a48fa451ee7cd589b946594674713c65a8a42a7,3070,,810cdd8a91f2858188f8b870b13949b83af65bd19b657f62a6e9386976e4d816
6923,3384110004736,aee7ee61aaef49ced717631d7a48fa451ee7cd589b946594674713c65a8a42a7,3070,,810cdd8a91f2858188f8b870b13949b83af65bd19b657f62a6e9386976e4d816
7054,3384110004736,aee7ee61aaef49ced717631d7a48fa451ee7cd589b946594674713c65a8a42a7,3070,,810cdd8a91f2858188f8b870b13949b83af65bd19b657f62a6e9386976e4d816
7104,3384110004736,aee7ee61aaef49ced717631d7a48fa451ee7cd589b946594674713c65a8a42a7,3070,,810cdd8a91f2858188f8b870b13949b83af65bd19b657f62a6e9386976e4d816
7237,3384110004736,aee7ee61aaef49ced717631d7a48fa451ee7cd589b946594674713c65a8a42a7,3070,,810cdd8a91f2858188f8b870b13949b83af65bd19b657f62a6e9386976e4d816
7273,3384110004736,aee7ee61aaef49ced717631d7a48fa451ee7cd589b946594674713c65a8a42a7,3070,,810cdd8a91f2858188f8b870b13949b83af65bd19b657f62a6e9386976e4d816
7316,3384110004736,aee7ee61aaef49ced717631d7a48fa451ee7cd589b946594674713c65a8a42a7,3070,,810cdd8a91f2858188f8b870b13949b83af65bd19b657f62a6e9386976e4d816
7548,3384110004736,aee7ee61aaef49ced717631d7a48fa451ee7cd589b946594674713c65a8a42a7,3070,,810cdd8a91f2858188f8b870b13949b83af65bd19b657f62a6e9386976e4d816
7626,3384110004736,aee7ee61aaef49ced717631d7a48fa451ee7cd589b946594674713c65a8a42a7,3070,,810cdd8a91f2858188f8b870b13949b83af65bd19b657f62a6e9386976e4d816
7751,3384110004736,aee7ee61aaef49ced717631d7a48fa451ee7cd589b946594674713c65a8a42a7,3070,,810cdd8a91f2858188f8b870b13949b83af65bd19b657f62a6e9386976e4d816
8029,3384110004736,aee7ee61aaef49ced717631d7a48fa451ee7cd589b946594674713c65a8a42a7,3070,,810cdd8a91f2858188f8b870b13949b83af65bd19b657f62a6e9386976e4d816
8989,3302740047312,c6e416d7690beab36142fe27c4cfe15cba0edd1a6291fa0004a1c84a22a7a8bb,3070,,810cdd8a91f2858188f8b870b13949b83af65bd19b657f62a6e9386976e4d816
10016,3038359004544,1525ef9c4b93a3b937a69eaec8f574478094d6ae7f1cef983e3d35932dc3445a,3070,,810cdd8a91f2858188f8b870b13949b83af65bd19b657f62a6e9386976e4d816
10187,3033491451652,4f4f349aabb1015eafbf3f0f76a06dc782c3b0cb841cf9095ed4cf9c1f2e1ec0,3070,,810cdd8a91f2858188f8b870b13949b83af65bd19b657f62a6e9386976e4d816
12494,3760020507916,d9cea108ffaf5dd04b2e00df5ad1901015599cd34b55021ed1fc14aee7cff222,3214,,810cdd8a91f2858188f8b870b13949b83af65bd19b657f62a6e9386976e4d816
12495,3760020507916,d9cea108ffaf5dd04b2e00df5ad1901015599cd34b55021ed1fc14aee7cff222,3214,,810cdd8a91f2858188f8b870b13949b83af65bd19b657f62a6e9386976e4d816
12496,3760020507916,d9cea108ffaf5dd04b2e00df5ad1901015599cd34b55021ed1fc14aee7cff222,3214,,810cdd8a91f2858188f8b870b13949b83af65bd19b657f62a6e9386976e4d816
12601,3456300014556,28163a9aa69ae9dc57a947e50ab8cfa93c424eb067341d182af5a868ba9d1823,3214,,810cdd8a91f2858188f8b870b13949b83af65bd19b657f62a6e9386976e4d816
13309,5000112611878,f41cd3f2dade88d4268353353d5dbf52f2025a396d4f4a709efe3ac9ab99291f,3275,,810cdd8a91f2858188f8b870b13949b83af65bd19b657f62a6e9386976e4d816
13959,7792052075169,253db387eca8f481f6041cfaf085e2a0c07a95b922ffa485172d7e1c22e2d9f7,3572,7207364b2e8462ff33fa4544c18643491b7abf35db31c8fd6953747cc540aae1,810cdd8a91f2858188f8b870b13949b83af65bd19b657f62a6e9386976e4d816
14122,5000112611878,f41cd3f2dade88d4268353353d5dbf52f2025a396d4f4a709efe3ac9ab99291f,3644,,810cdd8a91f2858188f8b870b13949b83af65bd19b657f62a6e9386976e4d816
14135,3240931548135,b04956fb72164d0aa169caa42e9bfdbb13617cfbe2044d789ec498de0fa4d998,3650,,810cdd8a91f2858188f8b870b13949b83af65bd19b657f62a6e9386976e4d816
14174,3423182102411,d0db609e5c045e822adffddf1c76db2d871627f5ea815751fcd0216e91ad4014,3658,,810cdd8a91f2858188f8b870b13949b83af65bd19b657f62a6e9386976e4d816
14740,3019089042228,93fb7c44d4b195f9d413ab31e4a27740bd30a9145da7f06004d0449b96b9eadc,3797,,810cdd8a91f2858188f8b870b13949b83af65bd19b657f62a6e9386976e4d816
14782,3165959213028,211e36bf2792ead092a9301b7f45bcdb8033e2dc0fc9a4c394665ad8fbd7fb7d,3797,,810cdd8a91f2858188f8b870b13949b83af65bd19b657f62a6e9386976e4d816
14952,5000112611878,f41cd3f2dade88d4268353353d5dbf52f2025a396d4f4a709efe3ac9ab99291f,3816,,810cdd8a91f2858188f8b870b13949b83af65bd19b657f62a6e9386976e4d816
15193,3256224255017,81b66f20413d062b6a7737d2826aca2311d95374ade3133be3ec7904307bce1c,3987,e82dede603d86f3a4ae1244ebb210ccc9444e681d4e56e4821aaf1f80499579b,810cdd8a91f2858188f8b870b13949b83af65bd19b657f62a6e9386976e4d816
15250,3266140053581,268db8cef48b91af093cc67326b7e1bf962d7ddb25b169dcb6d730d6c8618796,4012,,810cdd8a91f2858188f8b870b13949b83af65bd19b657f62a6e9386976e4d816
16822,3412290023909,5be80ad8e7d2bced097cf2d67f047b42504ca05afb54346eda40e5496110d8e3,4367,95dc19e7388ccd62176f7765038c69ac056bb034c9c5bb73242b14a6a95804dc,810cdd8a91f2858188f8b870b13949b83af65bd19b657f62a6e9386976e4d816
17858,3770018078151,d3b2de87961cdb4eaa4161956fe1fcc83469f0fe7c6ee05e5f930f9de9c32413,4984,,810cdd8a91f2858188f8b870b13949b83af65bd19b657f62a6e9386976e4d816
18314,8719200265578,520aff3fa700c59840ef713438cf96ff94a460835c93e43168e3db4c8b5fe974,5126,,810cdd8a91f2858188f8b870b13949b83af65bd19b657f62a6e9386976e4d816
19660,4061464487482,a1723f3efe4248aaca50726c77ab9f516290e57ac2805d8457975849cf5dd788,5597,d0a5047e662db00d19bcb7018906d73bce45dd714eb3fa3f9c593db5407f1217,810cdd8a91f2858188f8b870b13949b83af65bd19b657f62a6e9386976e4d816
21794,3033491350795,a42b5e3e00b24cab9b5c2abab905e3136c816253190a5e911a7c1092dcc19d9d,5914,,810cdd8a91f2858188f8b870b13949b83af65bd19b657f62a6e9386976e4d816
22660,3456300014556,28163a9aa69ae9dc57a947e50ab8cfa93c424eb067341d182af5a868ba9d1823,5914,,810cdd8a91f2858188f8b870b13949b83af65bd19b657f62a6e9386976e4d816
22724,3123930711758,6e5801a73a0beaf7124302ab324b558e0d22794a5ad8e97b5d3c4c48ef89ff5f,5914,,810cdd8a91f2858188f8b870b13949b83af65bd19b657f62a6e9386976e4d816
22725,3123930711758,6e5801a73a0beaf7124302ab324b558e0d22794a5ad8e97b5d3c4c48ef89ff5f,5914,,810cdd8a91f2858188f8b870b13949b83af65bd19b657f62a6e9386976e4d816
22973,3123930711758,6e5801a73a0beaf7124302ab324b558e0d22794a5ad8e97b5d3c4c48ef89ff5f,5914,,810cdd8a91f2858188f8b870b13949b83af65bd19b657f62a6e9386976e4d816
23059,3033491350795,a42b5e3e00b24cab9b5c2abab905e3136c816253190a5e911a7c1092dcc19d9d,5914,,810cdd8a91f2858188f8b870b13949b83af65bd19b657f62a6e9386976e4d816
23140,3456300014556,28163a9aa69ae9dc57a947e50ab8cfa93c424eb067341d182af5a868ba9d1823,5914,,810cdd8a91f2858188f8b870b13949b83af65bd19b657f62a6e9386976e4d816
26093,8719200265578,520aff3fa700c59840ef713438cf96ff94a460835c93e43168e3db4c8b5fe974,6521,,810cdd8a91f2858188f8b870b13949b83af65bd19b657f62a6e9386976e4d816
28467,8719200265578,520aff3fa700c59840ef713438cf96ff94a460835c93e43168e3db4c8b5fe974,7377,,810cdd8a91f2858188f8b870b13949b83af65bd19b657f62a6e9386976e4d816
28521,3038359004544,1525ef9c4b93a3b937a69eaec8f574478094d6ae7f1cef983e3d35932dc3445a,7392,,810cdd8a91f2858188f8b870b13949b83af65bd19b657f62a6e9386976e4d816
30555,3560071264550,270682ecd33d1e580d2efd7ace247ca3319986fda2be8a41211e79187ac5d073,7953,3e2ecd9e9d3022a086a6f6b31ecd3f2c62b9346ea619f7d8bc0b70301fce7a8f,810cdd8a91f2858188f8b870b13949b83af65bd19b657f62a6e9386976e4d816
31473,4850002940974,062033c0fad973e7a275a9c41139ce22165e2111e2e3d1fb1f9bce682011046e,8257,aef3d924df7e1db2a3ad4900c01e8ff6e967a0b9fb3c0ae43c0c7bab3842bcc1,810cdd8a91f2858188f8b870b13949b83af65bd19b657f62a6e9386976e4d816
32222,8033976484743,6eaaf4c6cc6995a83ef8a1ae669cb66891e3062d64cc31e86273100668253a16,8428,6d933351a1c00e817292080a64cc84b789361676f2fd9193d437430135e323e7,810cdd8a91f2858188f8b870b13949b83af65bd19b657f62a6e9386976e4d816
33072,3273220530375,6ded435720592454a2d9667c61e7fdd74a5e134d1f4d2505a20e41f9f80fbf8d,8702,,810cdd8a91f2858188f8b870b13949b83af65bd19b657f62a6e9386976e4d816
33086,3033491350795,a42b5e3e00b24cab9b5c2abab905e3136c816253190a5e911a7c1092dcc19d9d,8702,,810cdd8a91f2858188f8b870b13949b83af65bd19b657f62a6e9386976e4d816
33757,8033976484743,6eaaf4c6cc6995a83ef8a1ae669cb66891e3062d64cc31e86273100668253a16,8820,,810cdd8a91f2858188f8b870b13949b83af65bd19b657f62a6e9386976e4d816
33765,8033976484743,6eaaf4c6cc6995a83ef8a1ae669cb66891e3062d64cc31e86273100668253a16,8821,,810cdd8a91f2858188f8b870b13949b83af65bd19b657f62a6e9386976e4d816
33783,8007066010075,fc78047fdfa64c5f71cea854c5f5824a578090689a27c25ddf458287787fa181,8826,82a511fa80926d2ae84f72578f749306c1ce2f28370c3960d178533fc21a3085,810cdd8a91f2858188f8b870b13949b83af65bd19b657f62a6e9386976e4d816
33784,8033976484743,6eaaf4c6cc6995a83ef8a1ae669cb66891e3062d64cc31e86273100668253a16,8826,82a511fa80926d2ae84f72578f749306c1ce2f28370c3960d178533fc21a3085,810cdd8a91f2858188f8b870b13949b83af65bd19b657f62a6e9386976e4d816
34186,8033976484743,6eaaf4c6cc6995a83ef8a1ae669cb66891e3062d64cc31e86273100668253a16,8937,,810cdd8a91f2858188f8b870b13949b83af65bd19b657f62a6e9386976e4d816
37628,3038359004544,1525ef9c4b93a3b937a69eaec8f574478094d6ae7f1cef983e3d35932dc3445a,10051,,810cdd8a91f2858188f8b870b13949b83af65bd19b657f62a6e9386976e4d816
38855,3045320517699,aafd046f21607968a416dd3ed65c6f362f3319d9a03fce139c23db77bed4e9f1,10964,,810cdd8a91f2858188f8b870b13949b83af65bd19b657f62a6e9386976e4d816
39518,3760020507916,d9cea108ffaf5dd04b2e00df5ad1901015599cd34b55021ed1fc14aee7cff222,11392,33253cf53cc35ffa21385cbbab1415b471818b46ce89276cb2b059ac864aa27f,810cdd8a91f2858188f8b870b13949b83af65bd19b657f62a6e9386976e4d816
39552,4061464487482,a1723f3efe4248aaca50726c77ab9f516290e57ac2805d8457975849cf5dd788,11402,,810cdd8a91f2858188f8b870b13949b83af65bd19b657f62a6e9386976e4d816
39573,3500390010247,b8c4d0dc28df773eacb84b3b8e73410830a3f89b708e550e0ef3c9a9a4294f8f,11420,9214c76d6508806df1b4f59001a4b87fabb2c58589916a3c0bfacb901356483c,810cdd8a91f2858188f8b870b13949b83af65bd19b657f62a6e9386976e4d816
39574,3266140053581,268db8cef48b91af093cc67326b7e1bf962d7ddb25b169dcb6d730d6c8618796,11420,9214c76d6508806df1b4f59001a4b87fabb2c58589916a3c0bfacb901356483c,810cdd8a91f2858188f8b870b13949b83af65bd19b657f62a6e9386976e4d816
39610,3280220908073,97f68419ca95f141618ee9c358e714ca9267fd617f335a4e669723e0c85ceb00,11436,e5dcac6929cd06364b3acadc0a350628db195a477e6bb63dacbec08289744b48,810cdd8a91f2858188f8b870b13949b83af65bd19b657f62a6e9386976e4d816
39622,3770014111777,32a912a44d6e223dfafb23196f02904fbe8ebf3ba34e10c30d44d9fe35794117,11448,0e5d1767107219d4bfd2fd48fea08198058b5470e536b811c3b152e91ad6eeb2,810cdd8a91f2858188f8b870b13949b83af65bd19b657f62a6e9386976e4d816
39624,3250392404499,00d42f16781b7da919efea3ca74251a555a48ed4f339cdfc927f50840c6234a7,11450,670b620762f9e5dfeace0d1b2010b18fdb8492c8322b01842e22339d059c7cba,810cdd8a91f2858188f8b870b13949b83af65bd19b657f62a6e9386976e4d816
39625,3220035229611,2d886b3652dcce1dc85336eb81d739ae10e498acf96c7600c57c78eb69bcf61f,11451,0ba0bed3ba889c264732fa931cfb1f12e33ec8a7452a98ce8a8b6bf16e69958b,810cdd8a91f2858188f8b870b13949b83af65bd19b657f62a6e9386976e4d816
39626,3250392335137,474788863f569cdbd0815735a64b51ea4b043be12d00555ec96c2aff8fe00533,11452,61fbf5a8a82327c5812efbb74d9daf4a284bd796ec6a5a023e9cafccab176b0d,810cdd8a91f2858188f8b870b13949b83af65bd19b657f62a6e9386976e4d816
39627,3250391980253,89bc1f82d0fb5c0176e88354cc2acd19a53c87a3289fd1bb1d9c9b4195de8cb4,11453,e849020d95781e7429e9ac4abf87b3a69391a570bc93b1482c23c539d6293409,810cdd8a91f2858188f8b870b13949b83af65bd19b657f62a6e9386976e4d816
39630,3033491451652,4f4f349aabb1015eafbf3f0f76a06dc782c3b0cb841cf9095ed4cf9c1f2e1ec0,11456,,810cdd8a91f2858188f8b870b13949b83af65bd19b657f62a6e9386976e4d816
39632,3412290023909,5be80ad8e7d2bced097cf2d67f047b42504ca05afb54346eda40e5496110d8e3,11458,,810cdd8a91f2858188f8b870b13949b83af65bd19b657f62a6e9386976e4d816
39633,3250390523970,974c79f188174fc78eed4fe6939231a0865b3918a7a59bd68d73b9bbe9b3887f,11459,503a36a33e5aaaaa3ec497bfc04b6a0223be83c8fbeb012cf035c7237f246ffe,810cdd8a91f2858188f8b870b13949b83af65bd19b657f62a6e9386976e4d816
39634,3023260027607,3eac23547f8e3047f8416fa80c7936a359b0788079a3551c2fbc7c308e4f9a07,11460,5fd38140959b98caa5425a99bb3c57bf795c07968b0a778ae6a01376719ca899,810cdd8a91f2858188f8b870b13949b83af65bd19b657f62a6e9386976e4d816
39636,0290054000006,db5b35e819a099b822960ad463bf2ed980ae35aa55aece015834db67356a0d84,11462,919096275d7ecd18516cd98aa27d09c4b427f44fa04789bfb7cd769e1310f4a5,810cdd8a91f2858188f8b870b13949b83af65bd19b657f62a6e9386976e4d816
39637,3123930711758,6e5801a73a0beaf7124302ab324b558e0d22794a5ad8e97b5d3c4c48ef89ff5f,11463,5f28f72e4ea8a214f252061dbf9f4dfbf6dac4970313ab09df8e54c67610d2c7,810cdd8a91f2858188f8b870b13949b83af65bd19b657f62a6e9386976e4d816
39638,3220035570003,fe0d85b923ed8cc5ab0b4b170fb967f64a6c15175eec3023d52e0fe1559a1b2b,11464,d265578c121ceb1b7790fb2025f00862afd1856112fb8a81e83931d78483bb71,810cdd8a91f2858188f8b870b13949b83af65bd19b657f62a6e9386976e4d816
39692,3250390523970,974c79f188174fc78eed4fe6939231a0865b3918a7a59bd68d73b9bbe9b3887f,11518,,810cdd8a91f2858188f8b870b13949b83af65bd19b657f62a6e9386976e4d816
39724,3240931548135,b04956fb72164d0aa169caa42e9bfdbb13617cfbe2044d789ec498de0fa4d998,11543,,810cdd8a91f2858188f8b870b13949b83af65bd19b657f62a6e9386976e4d816
39752,3456300014556,28163a9aa69ae9dc57a947e50ab8cfa93c424eb067341d182af5a868ba9d1823,11555,,810cdd8a91f2858188f8b870b13949b83af65bd19b657f62a6e9386976e4d816
39753,3760020507916,d9cea108ffaf5dd04b2e00df5ad1901015599cd34b55021ed1fc14aee7cff222,11555,,810cdd8a91f2858188f8b870b13949b83af65bd19b657f62a6e9386976e4d816
40987,3297760097969,4ca81216211f1bcee72fbec12aa048f20f553391238401e6a12b791653d2924c,11776,,810cdd8a91f2858188f8b870b13949b83af65bd19b657f62a6e9386976e4d816
41843,3500390010247,b8c4d0dc28df773eacb84b3b8e73410830a3f89b708e550e0ef3c9a9a4294f8f,11974,,810cdd8a91f2858188f8b870b13949b83af65bd19b657f62a6e9386976e4d816
42628,3273220530375,6ded435720592454a2d9667c61e7fdd74a5e134d1f4d2505a20e41f9f80fbf8d,12176,0348b89a3735c597bc339ed3fbdb491f81af48d53a56cc7b2adbbb2a2205a929,810cdd8a91f2858188f8b870b13949b83af65bd19b657f62a6e9386976e4d816
42629,3560070283484,24fd7006bec7ae662e98251226eb42439e6c7802223600ca61ccf96263d702be,12176,0348b89a3735c597bc339ed3fbdb491f81af48d53a56cc7b2adbbb2a2205a929,810cdd8a91f2858188f8b870b13949b83af65bd19b657f62a6e9386976e4d816
42630,3560070206469,106436df1ad8f8c78b20c27234f836affc256b833f79b363d0f5e26f12ddbc12,12176,0348b89a3735c597bc339ed3fbdb491f81af48d53a56cc7b2adbbb2a2205a929,810cdd8a91f2858188f8b870b13949b83af65bd19b657f62a6e9386976e4d816
43311,3760297370206,c4a8a73fa17261e7abaeb5ae79bfb2c1aa5dda9923620f65a19a7ddca62ca750,12358,,810cdd8a91f2858188f8b870b13949b83af65bd19b657f62a6e9386976e4d816
44271,3770018078151,d3b2de87961cdb4eaa4161956fe1fcc83469f0fe7c6ee05e5f930f9de9c32413,13023,,810cdd8a91f2858188f8b870b13949b83af65bd19b657f62a6e9386976e4d816
44766,3297760097969,4ca81216211f1bcee72fbec12aa048f20f553391238401e6a12b791653d2924c,13257,,810cdd8a91f2858188f8b870b13949b83af65bd19b657f62a6e9386976e4d816
45351,8023678730606,15b74364b490cf3d544d25263d3e844298f559beb9609bf0705a5f0524eedea1,13415,12c3e5805fd7dcc6e22437567c42e106462c3b6083bdfb3172fecaee591a81a3,810cdd8a91f2858188f8b870b13949b83af65bd19b657f62a6e9386976e4d816
45956,8000500391228,541523ed87af4efb3ec302fab0b84715f2fe033aae8dbbdead2475d86083edb2,13546,,810cdd8a91f2858188f8b870b13949b83af65bd19b657f62a6e9386976e4d816
46112,8033976484743,6eaaf4c6cc6995a83ef8a1ae669cb66891e3062d64cc31e86273100668253a16,13603,,810cdd8a91f2858188f8b870b13949b83af65bd19b657f62a6e9386976e4d816
49129,3456300014556,28163a9aa69ae9dc57a947e50ab8cfa93c424eb067341d182af5a868ba9d1823,13728,,810cdd8a91f2858188f8b870b13949b83af65bd19b657f62a6e9386976e4d816
52638,3242272981053,fcc59ea98d64c203ad1d9e0958086b8c4d79741d9fe17bbae4d0b561a39c5f92,13881,,810cdd8a91f2858188f8b870b13949b83af65bd19b657f62a6e9386976e4d816
53006,8000500391228,541523ed87af4efb3ec302fab0b84715f2fe033aae8dbbdead2475d86083edb2,14017,,810cdd8a91f2858188f8b870b13949b83af65bd19b657f62a6e9386976e4d816
53008,8000500391228,541523ed87af4efb3ec302fab0b84715f2fe033aae8dbbdead2475d86083edb2,14018,,810cdd8a91f2858188f8b870b13949b83af65bd19b657f62a6e9386976e4d816
53216,8000500391228,541523ed87af4efb3ec302fab0b84715f2fe033aae8dbbdead2475d86083edb2,14059,,810cdd8a91f2858188f8b870b13949b83af65bd19b657f62a6e9386976e4d816
54677,3019089042228,93fb7c44d4b195f9d413ab31e4a27740bd30a9145da7f06004d0449b96b9eadc,14496,,810cdd8a91f2858188f8b870b13949b83af65bd19b657f62a6e9386976e4d816
55098,3560070206469,106436df1ad8f8c78b20c27234f836affc256b833f79b363d0f5e26f12ddbc12,14689,,810cdd8a91f2858188f8b870b13949b83af65bd19b657f62a6e9386976e4d816
55100,3560070283484,24fd7006bec7ae662e98251226eb42439e6c7802223600ca61ccf96263d702be,14689,,810cdd8a91f2858188f8b870b13949b83af65bd19b657f62a6e9386976e4d816
57317,3423182102411,d0db609e5c045e822adffddf1c76db2d871627f5ea815751fcd0216e91ad4014,14728,,810cdd8a91f2858188f8b870b13949b83af65bd19b657f62a6e9386976e4d816
57452,3500390010247,b8c4d0dc28df773eacb84b3b8e73410830a3f89b708e550e0ef3c9a9a4294f8f,14728,,810cdd8a91f2858188f8b870b13949b83af65bd19b657f62a6e9386976e4d816
57699,3760020507916,d9cea108ffaf5dd04b2e00df5ad1901015599cd34b55021ed1fc14aee7cff222,14728,,810cdd8a91f2858188f8b870b13949b83af65bd19b657f62a6e9386976e4d816
59194,5000112611878,f41cd3f2dade88d4268353353d5dbf52f2025a396d4f4a709efe3ac9ab99291f,15108,,810cdd8a91f2858188f8b870b13949b83af65bd19b657f62a6e9386976e4d816
59473,3165959213028,211e36bf2792ead092a9301b7f45bcdb8033e2dc0fc9a4c394665ad8fbd7fb7d,15189,,810cdd8a91f2858188f8b870b13949b83af65bd19b657f62a6e9386976e4d816
60645,3560070283484,24fd7006bec7ae662e98251226eb42439e6c7802223600ca61ccf96263d702be,15747,,810cdd8a91f2858188f8b870b13949b83af65bd19b657f62a6e9386976e4d816
60739,3266140053581,268db8cef48b91af093cc67326b7e1bf962d7ddb25b169dcb6d730d6c8618796,15714,,810cdd8a91f2858188f8b870b13949b83af65bd19b657f62a6e9386976e4d816
60741,3500390010247,b8c4d0dc28df773eacb84b3b8e73410830a3f89b708e550e0ef3c9a9a4294f8f,15712,,810cdd8a91f2858188f8b870b13949b83af65bd19b657f62a6e9386976e4d816
61133,3560070283484,24fd7006bec7ae662e98251226eb42439e6c7802223600ca61ccf96263d702be,15941,,810cdd8a91f2858188f8b870b13949b83af65bd19b657f62a6e9386976e4d816
61807,3250392335137,474788863f569cdbd0815735a64b51ea4b043be12d00555ec96c2aff8fe00533,16183,,810cdd8a91f2858188f8b870b13949b83af65bd19b657f62a6e9386976e4d816
63162,3560070283484,24fd7006bec7ae662e98251226eb42439e6c7802223600ca61ccf96263d702be,16635,,810cdd8a91f2858188f8b870b13949b83af65bd19b657f62a6e9386976e4d816
63163,3560070206469,106436df1ad8f8c78b20c27234f836affc256b833f79b363d0f5e26f12ddbc12,16635,,810cdd8a91f2858188f8b870b13949b83af65bd19b657f62a6e9386976e4d816
63902,3760090370571,750430216bd4e8274a8aa268b299aa380850033f7c0cf76bbd910d3e0bda1036,16858,,810cdd8a91f2858188f8b870b13949b83af65bd19b657f62a6e9386976e4d816
64492,3019089042228,93fb7c44d4b195f9d413ab31e4a27740bd30a9145da7f06004d0449b96b9eadc,16945,,810cdd8a91f2858188f8b870b13949b83af65bd19b657f62a6e9386976e4d816
64553,3560070283484,24fd7006bec7ae662e98251226eb42439e6c7802223600ca61ccf96263d702be,16950,,810cdd8a91f2858188f8b870b13949b83af65bd19b657f62a6e9386976e4d816
66491,3038359004544,1525ef9c4b93a3b937a69eaec8f574478094d6ae7f1cef983e3d35932dc3445a,17472,,810cdd8a91f2858188f8b870b13949b83af65bd19b657f62a6e9386976e4d816
66529,3760020507916,d9cea108ffaf5dd04b2e00df5ad1901015599cd34b55021ed1fc14aee7cff222,17481,,810cdd8a91f2858188f8b870b13949b83af65bd19b657f62a6e9386976e4d816
66627,3760020507916,d9cea108ffaf5dd04b2e00df5ad1901015599cd34b55021ed1fc14aee7cff222,17514,,810cdd8a91f2858188f8b870b13949b83af65bd19b657f62a6e9386976e4d816
68462,3033491350795,a42b5e3e00b24cab9b5c2abab905e3136c816253190a5e911a7c1092dcc19d9d,18212,,810cdd8a91f2858188f8b870b13949b83af65bd19b657f62a6e9386976e4d816
68633,3220035229611,2d886b3652dcce1dc85336eb81d739ae10e498acf96c7600c57c78eb69bcf61f,18294,,810cdd8a91f2858188f8b870b13949b83af65bd19b657f62a6e9386976e4d816
68931,3220035229611,2d886b3652dcce1dc85336eb81d739ae10e498acf96c7600c57c78eb69bcf61f,18469,,810cdd8a91f2858188f8b870b13949b83af65bd19b657f62a6e9386976e4d816
69007,5000112611878,f41cd3f2dade88d4268353353d5dbf52f2025a396d4f4a709efe3ac9ab99291f,18520,,810cdd8a91f2858188f8b870b13949b83af65bd19b657f62a6e9386976e4d816
69143,8719200265578,520aff3fa700c59840ef713438cf96ff94a460835c93e43168e3db4c8b5fe974,18716,,810cdd8a91f2858188f8b870b13949b83af65bd19b657f62a6e9386976e4d816
69168,8000500391228,541523ed87af4efb3ec302fab0b84715f2fe033aae8dbbdead2475d86083edb2,18740,,810cdd8a91f2858188f8b870b13949b83af65bd19b657f62a6e9386976e4d816
69341,5000112611878,f41cd3f2dade88d4268353353d5dbf52f2025a396d4f4a709efe3ac9ab99291f,18828,,810cdd8a91f2858188f8b870b13949b83af65bd19b657f62a6e9386976e4d816
69943,3242272981053,fcc59ea98d64c203ad1d9e0958086b8c4d79741d9fe17bbae4d0b561a39c5f92,19150,,810cdd8a91f2858188f8b870b13949b83af65bd19b657f62a6e9386976e4d816
70023,3123930711758,6e5801a73a0beaf7124302ab324b558e0d22794a5ad8e97b5d3c4c48ef89ff5f,19099,,810cdd8a91f2858188f8b870b13949b83af65bd19b657f62a6e9386976e4d816
71617,3760020507916,d9cea108ffaf5dd04b2e00df5ad1901015599cd34b55021ed1fc14aee7cff222,19484,,810cdd8a91f2858188f8b870b13949b83af65bd19b657f62a6e9386976e4d816
71721,3456300014556,28163a9aa69ae9dc57a947e50ab8cfa93c424eb067341d182af5a868ba9d1823,19484,,810cdd8a91f2858188f8b870b13949b83af65bd19b657f62a6e9386976e4d816
71741,3019089042228,93fb7c44d4b195f9d413ab31e4a27740bd30a9145da7f06004d0449b96b9eadc,19563,,810cdd8a91f2858188f8b870b13949b83af65bd19b657f62a6e9386976e4d816
72227,3256223264768,f277c32316fd1acb5304c6e39a206a55a6c5487ae830b7a15737ff153f1b9a02,19662,67015c3d4b464f8bf9f5acd8d36ee37389b5d06c52037834d6bc538d59de7125,810cdd8a91f2858188f8b870b13949b83af65bd19b657f62a6e9386976e4d816
73795,5760466994484,4b8a4bde18ea0560c66d4d1fe99684d52fc38b2b2ba27186f5d549d894fbf767,20204,078dd86f69a3ffcc6f62acd13b66a066636d0d016b0681a7db73c861d134e62e,810cdd8a91f2858188f8b870b13949b83af65bd19b657f62a6e9386976e4d816
73796,5760466994484,4b8a4bde18ea0560c66d4d1fe99684d52fc38b2b2ba27186f5d549d894fbf767,20205,,810cdd8a91f2858188f8b870b13949b83af65bd19b657f62a6e9386976e4d816
74242,5000112611878,f41cd3f2dade88d4268353353d5dbf52f2025a396d4f4a709efe3ac9ab99291f,20550,,810cdd8a91f2858188f8b870b13949b83af65bd19b657f62a6e9386976e4d816
75066,5000112611878,f41cd3f2dade88d4268353353d5dbf52f2025a396d4f4a709efe3ac9ab99291f,20480,,810cdd8a91f2858188f8b870b13949b83af65bd19b657f62a6e9386976e4d816
75239,8719200265578,520aff3fa700c59840ef713438cf96ff94a460835c93e43168e3db4c8b5fe974,20989,,810cdd8a91f2858188f8b870b13949b83af65bd19b657f62a6e9386976e4d816
75703,3270190023524,c5e067c3b9a6d768d495e6bb10d8ccb5832849df2bf4cf1e12b09a6050ea9743,21192,,810cdd8a91f2858188f8b870b13949b83af65bd19b657f62a6e9386976e4d816
78054,3266140053581,268db8cef48b91af093cc67326b7e1bf962d7ddb25b169dcb6d730d6c8618796,22084,,810cdd8a91f2858188f8b870b13949b83af65bd19b657f62a6e9386976e4d816
79593,3770014111777,32a912a44d6e223dfafb23196f02904fbe8ebf3ba34e10c30d44d9fe35794117,23017,,810cdd8a91f2858188f8b870b13949b83af65bd19b657f62a6e9386976e4d816
80492,3123930711758,6e5801a73a0beaf7124302ab324b558e0d22794a5ad8e97b5d3c4c48ef89ff5f,23477,,810cdd8a91f2858188f8b870b13949b83af65bd19b657f62a6e9386976e4d816
81144,3760341070236,f1b2c0555943271b29188ef76d3fa0b0fe915885ccb4bdeb696797cb762abec9,23821,,810cdd8a91f2858188f8b870b13949b83af65bd19b657f62a6e9386976e4d816
82876,3297760097969,4ca81216211f1bcee72fbec12aa048f20f553391238401e6a12b791653d2924c,23821,,810cdd8a91f2858188f8b870b13949b83af65bd19b657f62a6e9386976e4d816
84613,3038359004544,1525ef9c4b93a3b937a69eaec8f574478094d6ae7f1cef983e3d35932dc3445a,23821,,810cdd8a91f2858188f8b870b13949b83af65bd19b657f62a6e9386976e4d816
85646,3456300014556,28163a9aa69ae9dc57a947e50ab8cfa93c424eb067341d182af5a868ba9d1823,24342,,810cdd8a91f2858188f8b870b13949b83af65bd19b657f62a6e9386976e4d816
86884,3760297370206,c4a8a73fa17261e7abaeb5ae79bfb2c1aa5dda9923620f65a19a7ddca62ca750,24927,,810cdd8a91f2858188f8b870b13949b83af65bd19b657f62a6e9386976e4d816
87453,4260031550011,9843e2740256b9c6bcda97e4341729bc1df43b8755db56c358648bae52fb7bf3,25219,8ddc4eae34384e34a158917fa156e080b8c2f81f54ce62ee12b246cc9655d435,810cdd8a91f2858188f8b870b13949b83af65bd19b657f62a6e9386976e4d816
88154,3760020507916,d9cea108ffaf5dd04b2e00df5ad1901015599cd34b55021ed1fc14aee7cff222,25633,,810cdd8a91f2858188f8b870b13949b83af65bd19b657f62a6e9386976e4d816
88162,3456300014556,28163a9aa69ae9dc57a947e50ab8cfa93c424eb067341d182af5a868ba9d1823,25633,,810cdd8a91f2858188f8b870b13949b83af65bd19b657f62a6e9386976e4d816
88486,3033491279294,9337b9a8f828d3fea0132867547feb3b4db77b28595412f789507994a62bf174,25803,,810cdd8a91f2858188f8b870b13949b83af65bd19b657f62a6e9386976e4d816
89761,3165959213028,211e36bf2792ead092a9301b7f45bcdb8033e2dc0fc9a4c394665ad8fbd7fb7d,26790,,810cdd8a91f2858188f8b870b13949b83af65bd19b657f62a6e9386976e4d816
90765,3760020507916,d9cea108ffaf5dd04b2e00df5ad1901015599cd34b55021ed1fc14aee7cff222,27067,,810cdd8a91f2858188f8b870b13949b83af65bd19b657f62a6e9386976e4d816
92526,3183811008117,875e5c0a681fe65d6cbed50d96ab72617d082823628cc689b523cc663d376db4,27160,,810cdd8a91f2858188f8b870b13949b83af65bd19b657f62a6e9386976e4d816
93813,4061464487482,a1723f3efe4248aaca50726c77ab9f516290e57ac2805d8457975849cf5dd788,27998,,810cdd8a91f2858188f8b870b13949b83af65bd19b657f62a6e9386976e4d816
93999,3456300014556,28163a9aa69ae9dc57a947e50ab8cfa93c424eb067341d182af5a868ba9d1823,28173,,810cdd8a91f2858188f8b870b13949b83af65bd19b657f62a6e9386976e4d816
94443,8801068091298,41e4e80d87c039765cc7834e3e34110f27774aa20bbdac8d3825714212ca97fb,28392,3a69e1f1b54c8b0e8c6780fb7af780f93897e2c0f9617a08ec2dcb7a6583c5e0,810cdd8a91f2858188f8b870b13949b83af65bd19b657f62a6e9386976e4d816
94452,3033491279294,9337b9a8f828d3fea0132867547feb3b4db77b28595412f789507994a62bf174,28400,,810cdd8a91f2858188f8b870b13949b83af65bd19b657f62a6e9386976e4d816
96239,3033491279294,9337b9a8f828d3fea0132867547feb3b4db77b28595412f789507994a62bf174,28957,,810cdd8a91f2858188f8b870b13949b83af65bd19b657f62a6e9386976e4d816
97149,3023260027607,3eac23547f8e3047f8416fa80c7936a359b0788079a3551c2fbc7c308e4f9a07,29095,,810cdd8a91f2858188f8b870b13949b83af65bd19b657f62a6e9386976e4d816
97568,3240931548135,b04956fb72164d0aa169caa42e9bfdbb13617cfbe2044d789ec498de0fa4d998,29095,,810cdd8a91f2858188f8b870b13949b83af65bd19b657f62a6e9386976e4d816
97585,3240931548135,b04956fb72164d0aa169caa42e9bfdbb13617cfbe2044d789ec498de0fa4d998,29095,,810cdd8a91f2858188f8b870b13949b83af65bd19b657f62a6e9386976e4d816
97895,3240931548135,b04956fb72164d0aa169caa42e9bfdbb13617cfbe2044d789ec498de0fa4d998,29095,,810cdd8a91f2858188f8b870b13949b83af65bd19b657f62a6e9386976e4d816
98002,3240931548135,b04956fb72164d0aa169caa42e9bfdbb13617cfbe2044d789ec498de0fa4d998,29095,,810cdd8a91f2858188f8b870b13949b83af65bd19b657f62a6e9386976e4d816
98092,3240931548135,b04956fb72164d0aa169caa42e9bfdbb13617cfbe2044d789ec498de0fa4d998,29095,,810cdd8a91f2858188f8b870b13949b83af65bd19b657f62a6e9386976e4d816
98179,3240931548135,b04956fb72164d0aa169caa42e9bfdbb13617cfbe2044d789ec498de0fa4d998,29095,,810cdd8a91f2858188f8b870b13949b83af65bd19b657f62a6e9386976e4d816
98303,3240931548135,b04956fb72164d0aa169caa42e9bfdbb13617cfbe2044d789ec498de0fa4d998,29095,,810cdd8a91f2858188f8b870b13949b83af65bd19b657f62a6e9386976e4d816
98485,3240931548135,b04956fb72164d0aa169caa42e9bfdbb13617cfbe2044d789ec498de0fa4d998,29095,,810cdd8a91f2858188f8b870b13949b83af65bd19b657f62a6e9386976e4d816
98643,3240931548135,b04956fb72164d0aa169caa42e9bfdbb13617cfbe2044d789ec498de0fa4d998,29095,,810cdd8a91f2858188f8b870b13949b83af65bd19b657f62a6e9386976e4d816
98718,3240931548135,b04956fb72164d0aa169caa42e9bfdbb13617cfbe2044d789ec498de0fa4d998,29095,,810cdd8a91f2858188f8b870b13949b83af65bd19b657f62a6e9386976e4d816
98985,3240931548135,b04956fb72164d0aa169caa42e9bfdbb13617cfbe2044d789ec498de0fa4d998,29095,,810cdd8a91f2858188f8b870b13949b83af65bd19b657f62a6e9386976e4d816
99142,3240931548135,b04956fb72164d0aa169caa42e9bfdbb13617cfbe2044d789ec498de0fa4d998,29095,,810cdd8a91f2858188f8b870b13949b83af65bd19b657f62a6e9386976e4d816
99224,3240931548135,b04956fb72164d0aa169caa42e9bfdbb13617cfbe2044d789ec498de0fa4d998,29095,,810cdd8a91f2858188f8b870b13949b83af65bd19b657f62a6e9386976e4d816
99299,3240931548135,b04956fb72164d0aa169caa42e9bfdbb13617cfbe2044d789ec498de0fa4d998,29095,,810cdd8a91f2858188f8b870b13949b83af65bd19b657f62a6e9386976e4d816
99438,3240931548135,b04956fb72164d0aa169caa42e9bfdbb13617cfbe2044d789ec498de0fa4d998,29095,,810cdd8a91f2858188f8b870b13949b83af65bd19b657f62a6e9386976e4d816
99533,3240931548135,b04956fb72164d0aa169caa42e9bfdbb13617cfbe2044d789ec498de0fa4d998,29095,,810cdd8a91f2858188f8b870b13949b83af65bd19b657f62a6e9386976e4d816
99593,3240931548135,b04956fb72164d0aa169caa42e9bfdbb13617cfbe2044d789ec498de0fa4d998,29095,,810cdd8a91f2858188f8b870b13949b83af65bd19b657f62a6e9386976e4d816
99641,3240931548135,b04956fb72164d0aa169caa42e9bfdbb13617cfbe2044d789ec498de0fa4d998,29095,,810cdd8a91f2858188f8b870b13949b83af65bd19b657f62a6e9386976e4d816
99728,3240931548135,b04956fb72164d0aa169caa42e9bfdbb13617cfbe2044d789ec498de0fa4d998,29095,,810cdd8a91f2858188f8b870b13949b83af65bd19b657f62a6e9386976e4d816
99829,3240931548135,b04956fb72164d0aa169caa42e9bfdbb13617cfbe2044d789ec498de0fa4d998,29095,,810cdd8a91f2858188f8b870b13949b83af65bd19b657f62a6e9386976e4d816
100199,3222471055113,0ff927686f202acd17f237c6d0bced14a9c27c80c5186c9fb1f4ce12a12516ef,21379,151887257a3fee7232a4dc3cfdf79e4f032686dd90142e74fd00821de24f9b76,810cdd8a91f2858188f8b870b13949b83af65bd19b657f62a6e9386976e4d816
102923,3760020507916,d9cea108ffaf5dd04b2e00df5ad1901015599cd34b55021ed1fc14aee7cff222,30330,,810cdd8a91f2858188f8b870b13949b83af65bd19b657f62a6e9386976e4d816
104090,3165959213028,211e36bf2792ead092a9301b7f45bcdb8033e2dc0fc9a4c394665ad8fbd7fb7d,30467,,810cdd8a91f2858188f8b870b13949b83af65bd19b657f62a6e9386976e4d816
113912,3033491279294,9337b9a8f828d3fea0132867547feb3b4db77b28595412f789507994a62bf174,32589,499801229aa8485911dcddbed82a7c558b4a680f28cab95a31d729b938f551b1,810cdd8a91f2858188f8b870b13949b83af65bd19b657f62a6e9386976e4d816
113956,8719200265578,520aff3fa700c59840ef713438cf96ff94a460835c93e43168e3db4c8b5fe974,32593,,810cdd8a91f2858188f8b870b13949b83af65bd19b657f62a6e9386976e4d816
113959,8719200265578,520aff3fa700c59840ef713438cf96ff94a460835c93e43168e3db4c8b5fe974,32590,8be1663eb8f8c22329a8ba62a712c135540bcdb71cd468d9036f7dba57103ec4,810cdd8a91f2858188f8b870b13949b83af65bd19b657f62a6e9386976e4d816
115858,3019089042228,93fb7c44d4b195f9d413ab31e4a27740bd30a9145da7f06004d0449b96b9eadc,32938,,810cdd8a91f2858188f8b870b13949b83af65bd19b657f62a6e9386976e4d816
116485,3256224255017,81b66f20413d062b6a7737d2826aca2311d95374ade3133be3ec7904307bce1c,33203,,810cdd8a91f2858188f8b870b13949b83af65bd19b657f62a6e9386976e4d816
117486,3770018078151,d3b2de87961cdb4eaa4161956fe1fcc83469f0fe7c6ee05e5f930f9de9c32413,33476,,810cdd8a91f2858188f8b870b13949b83af65bd19b657f62a6e9386976e4d816
118542,3560070283484,24fd7006bec7ae662e98251226eb42439e6c7802223600ca61ccf96263d702be,33959,,810cdd8a91f2858188f8b870b13949b83af65bd19b657f62a6e9386976e4d816
119595,3560070283484,24fd7006bec7ae662e98251226eb42439e6c7802223600ca61ccf96263d702be,34353,,810cdd8a91f2858188f8b870b13949b83af65bd19b657f62a6e9386976e4d816
121130,3456300014556,28163a9aa69ae9dc57a947e50ab8cfa93c424eb067341d182af5a868ba9d1823,35262,,810cdd8a91f2858188f8b870b13949b83af65bd19b657f62a6e9386976e4d816
121158,3760020507916,d9cea108ffaf5dd04b2e00df5ad1901015599cd34b55021ed1fc14aee7cff222,35263,,810cdd8a91f2858188f8b870b13949b83af65bd19b657f62a6e9386976e4d816
122034,3412290023909,5be80ad8e7d2bced097cf2d67f047b42504ca05afb54346eda40e5496110d8e3,35591,,810cdd8a91f2858188f8b870b13949b83af65bd19b657f62a6e9386976e4d816
122184,3302740047312,c6e416d7690beab36142fe27c4cfe15cba0edd1a6291fa0004a1c84a22a7a8bb,35645,,810cdd8a91f2858188f8b870b13949b83af65bd19b657f62a6e9386976e4d816
122355,3560070206469,106436df1ad8f8c78b20c27234f836affc256b833f79b363d0f5e26f12ddbc12,35724,,810cdd8a91f2858188f8b870b13949b83af65bd19b657f62a6e9386976e4d816
123683,3760020507916,d9cea108ffaf5dd04b2e00df5ad1901015599cd34b55021ed1fc14aee7cff222,36546,,810cdd8a91f2858188f8b870b13949b83af65bd19b657f62a6e9386976e4d816
123745,3560070283484,24fd7006bec7ae662e98251226eb42439e6c7802223600ca61ccf96263d702be,36561,,810cdd8a91f2858188f8b870b13949b83af65bd19b657f62a6e9386976e4d816
124568,3560071266721,77addbcf09f1edb4dd42a25c757ab4bec013498d6ec3e5d9be12e66bc04b0951,36905,,810cdd8a91f2858188f8b870b13949b83af65bd19b657f62a6e9386976e4d816
128371,3560070283484,24fd7006bec7ae662e98251226eb42439e6c7802223600ca61ccf96263d702be,38915,,810cdd8a91f2858188f8b870b13949b83af65bd19b657f62a6e9386976e4d816
129026,2000000152949,5687e94ec6e65d52b447957b81bf082365c32eb2974cc389ef4954113daa4f89,39163,ca7032a36c9199cf92707b9d7aaa421acc131282c95f1d0edb9af39ff3d93c95,810cdd8a91f2858188f8b870b13949b83af65bd19b657f62a6e9386976e4d816
129641,3560070283484,24fd7006bec7ae662e98251226eb42439e6c7802223600ca61ccf96263d702be,39647,,810cdd8a91f2858188f8b870b13949b83af65bd19b657f62a6e9386976e4d816
130332,3560070283484,24fd7006bec7ae662e98251226eb42439e6c7802223600ca61ccf96263d702be,40153,,810cdd8a91f2858188f8b870b13949b83af65bd19b657f62a6e9386976e4d816
130883,3019089042228,93fb7c44d4b195f9d413ab31e4a27740bd30a9145da7f06004d0449b96b9eadc,40423,,810cdd8a91f2858188f8b870b13949b83af65bd19b657f62a6e9386976e4d816
131242,8002470031937,5ed04ecae15a2bfd56b323e17f5ef6ad42d9f0885a52949aadc91d5404ab7a6b,40781,,810cdd8a91f2858188f8b870b13949b83af65bd19b657f62a6e9386976e4d816
131456,3038359004544,1525ef9c4b93a3b937a69eaec8f574478094d6ae7f1cef983e3d35932dc3445a,40974,,810cdd8a91f2858188f8b870b13949b83af65bd19b657f62a6e9386976e4d816
136439,3500390010247,b8c4d0dc28df773eacb84b3b8e73410830a3f89b708e550e0ef3c9a9a4294f8f,46966,,810cdd8a91f2858188f8b870b13949b83af65bd19b657f62a6e9386976e4d816
136973,3038359004544,1525ef9c4b93a3b937a69eaec8f574478094d6ae7f1cef983e3d35932dc3445a,47465,,810cdd8a91f2858188f8b870b13949b83af65bd19b657f62a6e9386976e4d816
137193,3019089042228,93fb7c44d4b195f9d413ab31e4a27740bd30a9145da7f06004d0449b96b9eadc,47677,,810cdd8a91f2858188f8b870b13949b83af65bd19b657f62a6e9386976e4d816
140661,0021130494859,86e7f3a3babcfb308826d3e0ec333046f5adc347ac8312bf9121b03d6ab78c92,48873,0e906f2ed2214b3b5ef6f0fc41ab687bb0da09e6d7d8dc214f420d927fc5315a,810cdd8a91f2858188f8b870b13949b83af65bd19b657f62a6e9386976e4d816
140811,3760020507916,d9cea108ffaf5dd04b2e00df5ad1901015599cd34b55021ed1fc14aee7cff222,49073,,810cdd8a91f2858188f8b870b13949b83af65bd19b657f62a6e9386976e4d816
141190,0021130494859,86e7f3a3babcfb308826d3e0ec333046f5adc347ac8312bf9121b03d6ab78c92,48834,,810cdd8a91f2858188f8b870b13949b83af65bd19b657f62a6e9386976e4d816
147185,0796252300295,b9c1a7020fb92a32dd7da45f4f8319885d9df52dbc6e9d22b22355cd68e7e898,51285,,810cdd8a91f2858188f8b870b13949b83af65bd19b657f62a6e9386976e4d816
147347,3033491451652,4f4f349aabb1015eafbf3f0f76a06dc782c3b0cb841cf9095ed4cf9c1f2e1ec0,51293,,810cdd8a91f2858188f8b870b13949b83af65bd19b657f62a6e9386976e4d816
147494,3760020507916,d9cea108ffaf5dd04b2e00df5ad1901015599cd34b55021ed1fc14aee7cff222,51323,,810cdd8a91f2858188f8b870b13949b83af65bd19b657f62a6e9386976e4d816
147738,3033491451652,4f4f349aabb1015eafbf3f0f76a06dc782c3b0cb841cf9095ed4cf9c1f2e1ec0,51362,,810cdd8a91f2858188f8b870b13949b83af65bd19b657f62a6e9386976e4d816
149460,0796252300295,b9c1a7020fb92a32dd7da45f4f8319885d9df52dbc6e9d22b22355cd68e7e898,51696,,810cdd8a91f2858188f8b870b13949b83af65bd19b657f62a6e9386976e4d816
149833,3019089042228,93fb7c44d4b195f9d413ab31e4a27740bd30a9145da7f06004d0449b96b9eadc,51837,,810cdd8a91f2858188f8b870b13949b83af65bd19b657f62a6e9386976e4d816
153179,0796252300295,b9c1a7020fb92a32dd7da45f4f8319885d9df52dbc6e9d22b22355cd68e7e898,52675,,810cdd8a91f2858188f8b870b13949b83af65bd19b657f62a6e9386976e4d816
154427,0796252300295,b9c1a7020fb92a32dd7da45f4f8319885d9df52dbc6e9d22b22355cd68e7e898,53233,,810cdd8a91f2858188f8b870b13949b83af65bd19b657f62a6e9386976e4d816
156383,3038359004544,1525ef9c4b93a3b937a69eaec8f574478094d6ae7f1cef983e3d35932dc3445a,53947,8ee80374688b590fc9dee5ab7c5fdb9793da0422ab306deaf99f661b38526a21,810cdd8a91f2858188f8b870b13949b83af65bd19b657f62a6e9386976e4d816
156884,3760020507916,d9cea108ffaf5dd04b2e00df5ad1901015599cd34b55021ed1fc14aee7cff222,54802,,810cdd8a91f2858188f8b870b13949b83af65bd19b657f62a6e9386976e4d816
156893,3760020507916,d9cea108ffaf5dd04b2e00df5ad1901015599cd34b55021ed1fc14aee7cff222,54819,,810cdd8a91f2858188f8b870b13949b83af65bd19b657f62a6e9386976e4d816
158143,0796252300295,b9c1a7020fb92a32dd7da45f4f8319885d9df52dbc6e9d22b22355cd68e7e898,55267,,810cdd8a91f2858188f8b870b13949b83af65bd19b657f62a6e9386976e4d816
159780,3456300014556,28163a9aa69ae9dc57a947e50ab8cfa93c424eb067341d182af5a868ba9d1823,54819,,810cdd8a91f2858188f8b870b13949b83af65bd19b657f62a6e9386976e4d816
160349,00204682,c64b3fc5e4c20ce3b513d48a0f725676c218dd586bcb90145d0bebe95a4a40f9,56081,3782c04749fe26f71a119776a50539baa3439bf50dc1d8a5b4b10e70e8ab6ec9,810cdd8a91f2858188f8b870b13949b83af65bd19b657f62a6e9386976e4d816
160651,0796252300295,b9c1a7020fb92a32dd7da45f4f8319885d9df52dbc6e9d22b22355cd68e7e898,56121,,810cdd8a91f2858188f8b870b13949b83af65bd19b657f62a6e9386976e4d816
161672,4061464487482,a1723f3efe4248aaca50726c77ab9f516290e57ac2805d8457975849cf5dd788,56325,,810cdd8a91f2858188f8b870b13949b83af65bd19b657f62a6e9386976e4d816
163122,0048500205723,dd7c81fdc1297c5639c630a74444ec2ddd2ea16c4cd28ab6b360706b5956af4f,56630,c66ba66e5bc9a745bd911303bea4dda0ab56625b0e03c846c873c9bc12b89684,810cdd8a91f2858188f8b870b13949b83af65bd19b657f62a6e9386976e4d816
164352,0796252300295,b9c1a7020fb92a32dd7da45f4f8319885d9df52dbc6e9d22b22355cd68e7e898,57078,,810cdd8a91f2858188f8b870b13949b83af65bd19b657f62a6e9386976e4d816
164391,3456300014556,28163a9aa69ae9dc57a947e50ab8cfa93c424eb067341d182af5a868ba9d1823,57203,,810cdd8a91f2858188f8b870b13949b83af65bd19b657f62a6e9386976e4d816
164627,3266140053581,268db8cef48b91af093cc67326b7e1bf962d7ddb25b169dcb6d730d6c8618796,57201,,810cdd8a91f2858188f8b870b13949b83af65bd19b657f62a6e9386976e4d816
164879,3760020507916,d9cea108ffaf5dd04b2e00df5ad1901015599cd34b55021ed1fc14aee7cff222,57203,,810cdd8a91f2858188f8b870b13949b83af65bd19b657f62a6e9386976e4d816
164995,3183811008117,875e5c0a681fe65d6cbed50d96ab72617d082823628cc689b523cc663d376db4,56810,,810cdd8a91f2858188f8b870b13949b83af65bd19b657f62a6e9386976e4d816
167227,3456300014556,28163a9aa69ae9dc57a947e50ab8cfa93c424eb067341d182af5a868ba9d1823,58177,,810cdd8a91f2858188f8b870b13949b83af65bd19b657f62a6e9386976e4d816
167237,3760020507916,d9cea108ffaf5dd04b2e00df5ad1901015599cd34b55021ed1fc14aee7cff222,58178,,810cdd8a91f2858188f8b870b13949b83af65bd19b657f62a6e9386976e4d816
167341,3220035229611,2d886b3652dcce1dc85336eb81d739ae10e498acf96c7600c57c78eb69bcf61f,58227,,810cdd8a91f2858188f8b870b13949b83af65bd19b657f62a6e9386976e4d816
167861,3033491350795,a42b5e3e00b24cab9b5c2abab905e3136c816253190a5e911a7c1092dcc19d9d,58441,,810cdd8a91f2858188f8b870b13949b83af65bd19b657f62a6e9386976e4d816
167876,3033491350795,a42b5e3e00b24cab9b5c2abab905e3136c816253190a5e911a7c1092dcc19d9d,58445,,810cdd8a91f2858188f8b870b13949b83af65bd19b657f62a6e9386976e4d816
168185,0796252300295,b9c1a7020fb92a32dd7da45f4f8319885d9df52dbc6e9d22b22355cd68e7e898,58525,,810cdd8a91f2858188f8b870b13949b83af65bd19b657f62a6e9386976e4d816
169381,3456300014556,28163a9aa69ae9dc57a947e50ab8cfa93c424eb067341d182af5a868ba9d1823,59002,,810cdd8a91f2858188f8b870b13949b83af65bd19b657f62a6e9386976e4d816
169384,3760020507916,d9cea108ffaf5dd04b2e00df5ad1901015599cd34b55021ed1fc14aee7cff222,59002,,810cdd8a91f2858188f8b870b13949b83af65bd19b657f62a6e9386976e4d816
169545,3033491350795,a42b5e3e00b24cab9b5c2abab905e3136c816253190a5e911a7c1092dcc19d9d,59066,,810cdd8a91f2858188f8b870b13949b83af65bd19b657f62a6e9386976e4d816
170409,8000500391228,541523ed87af4efb3ec302fab0b84715f2fe033aae8dbbdead2475d86083edb2,59375,,810cdd8a91f2858188f8b870b13949b83af65bd19b657f62a6e9386976e4d816
172023,0796252300295,b9c1a7020fb92a32dd7da45f4f8319885d9df52dbc6e9d22b22355cd68e7e898,60297,,810cdd8a91f2858188f8b870b13949b83af65bd19b657f62a6e9386976e4d816
172963,3038359004544,1525ef9c4b93a3b937a69eaec8f574478094d6ae7f1cef983e3d35932dc3445a,60617,,810cdd8a91f2858188f8b870b13949b83af65bd19b657f62a6e9386976e4d816
173675,3033491451652,4f4f349aabb1015eafbf3f0f76a06dc782c3b0cb841cf9095ed4cf9c1f2e1ec0,60947,,810cdd8a91f2858188f8b870b13949b83af65bd19b657f62a6e9386976e4d816
174384,0021500042178,ebbae8c996be59f3d148b94f0d6212e5302a8331f8913159b2e078394845fb73,60982,3f716aa74c0866623b6002b1c3a7081164a3eb1ae3dffc1a314170a2a0e2f5b9,810cdd8a91f2858188f8b870b13949b83af65bd19b657f62a6e9386976e4d816
174999,3760090370571,750430216bd4e8274a8aa268b299aa380850033f7c0cf76bbd910d3e0bda1036,61364,,810cdd8a91f2858188f8b870b13949b83af65bd19b657f62a6e9386976e4d816
175428,0796252300295,b9c1a7020fb92a32dd7da45f4f8319885d9df52dbc6e9d22b22355cd68e7e898,61555,,810cdd8a91f2858188f8b870b13949b83af65bd19b657f62a6e9386976e4d816
176865,3423182102411,d0db609e5c045e822adffddf1c76db2d871627f5ea815751fcd0216e91ad4014,61962,,810cdd8a91f2858188f8b870b13949b83af65bd19b657f62a6e9386976e4d816
176906,3456300014556,28163a9aa69ae9dc57a947e50ab8cfa93c424eb067341d182af5a868ba9d1823,61962,,810cdd8a91f2858188f8b870b13949b83af65bd19b657f62a6e9386976e4d816
176987,3500390010247,b8c4d0dc28df773eacb84b3b8e73410830a3f89b708e550e0ef3c9a9a4294f8f,61962,,810cdd8a91f2858188f8b870b13949b83af65bd19b657f62a6e9386976e4d816
177233,3760020507916,d9cea108ffaf5dd04b2e00df5ad1901015599cd34b55021ed1fc14aee7cff222,61962,,810cdd8a91f2858188f8b870b13949b83af65bd19b657f62a6e9386976e4d816
177858,3038353911909,f713a2cd4d3b4ebb3c936eb81b23522946973d2ee987128fbcd7a3779bc34b1c,61960,,810cdd8a91f2858188f8b870b13949b83af65bd19b657f62a6e9386976e4d816
178425,3580281710067,c9ec3e85df6c216f57687fd9d4ce48d93e32184cecdd307a891ff892bc74fe42,61960,,810cdd8a91f2858188f8b870b13949b83af65bd19b657f62a6e9386976e4d816
184426,0034500420686,9ff48e577c797b812aa10774c39d0afb3747737e32375d9ec58650e54051964a,63166,,810cdd8a91f2858188f8b870b13949b83af65bd19b657f62a6e9386976e4d816
185695,8000500391228,541523ed87af4efb3ec302fab0b84715f2fe033aae8dbbdead2475d86083edb2,63660,,810cdd8a91f2858188f8b870b13949b83af65bd19b657f62a6e9386976e4d816
188045,3023260027607,3eac23547f8e3047f8416fa80c7936a359b0788079a3551c2fbc7c308e4f9a07,64442,,810cdd8a91f2858188f8b870b13949b83af65bd19b657f62a6e9386976e4d816
188372,3033491350795,a42b5e3e00b24cab9b5c2abab905e3136c816253190a5e911a7c1092dcc19d9d,64580,,810cdd8a91f2858188f8b870b13949b83af65bd19b657f62a6e9386976e4d816
189113,0796252300295,b9c1a7020fb92a32dd7da45f4f8319885d9df52dbc6e9d22b22355cd68e7e898,64833,,810cdd8a91f2858188f8b870b13949b83af65bd19b657f62a6e9386976e4d816
189988,3045320517699,aafd046f21607968a416dd3ed65c6f362f3319d9a03fce139c23db77bed4e9f1,65159,,810cdd8a91f2858188f8b870b13949b83af65bd19b657f62a6e9386976e4d816
191567,3270190023524,c5e067c3b9a6d768d495e6bb10d8ccb5832849df2bf4cf1e12b09a6050ea9743,65701,e13ce50d99997ae8462706560dea17a8f7118e8ce1900b3952db2643ea4e07d9,810cdd8a91f2858188f8b870b13949b83af65bd19b657f62a6e9386976e4d816
192654,3045320517699,aafd046f21607968a416dd3ed65c6f362f3319d9a03fce139c23db77bed4e9f1,66550,,810cdd8a91f2858188f8b870b13949b83af65bd19b657f62a6e9386976e4d816
192660,3297760097969,4ca81216211f1bcee72fbec12aa048f20f553391238401e6a12b791653d2924c,66546,,810cdd8a91f2858188f8b870b13949b83af65bd19b657f62a6e9386976e4d816
193761,3250390564843,ff05eb6595d81da6c2c979b788b806c329749b1c665397a36436f95bb6f37e8e,67176,050480532ca8403be49b4d0e465c3b8f0fc4a9dfcc07d67b63df58fd1f7c840f,810cdd8a91f2858188f8b870b13949b83af65bd19b657f62a6e9386976e4d816
194612,3240931548135,b04956fb72164d0aa169caa42e9bfdbb13617cfbe2044d789ec498de0fa4d998,67635,,810cdd8a91f2858188f8b870b13949b83af65bd19b657f62a6e9386976e4d816
194671,3280220908073,97f68419ca95f141618ee9c358e714ca9267fd617f335a4e669723e0c85ceb00,67501,,810cdd8a91f2858188f8b870b13949b83af65bd19b657f62a6e9386976e4d816
195628,3450970173834,b2903dee5936fc920a8e1a6566e283e292568d17f448d9e8cc673462900efccb,68369,,810cdd8a91f2858188f8b870b13949b83af65bd19b657f62a6e9386976e4d816
196246,3019089042228,93fb7c44d4b195f9d413ab31e4a27740bd30a9145da7f06004d0449b96b9eadc,68595,,810cdd8a91f2858188f8b870b13949b83af65bd19b657f62a6e9386976e4d816
196475,3770014111777,32a912a44d6e223dfafb23196f02904fbe8ebf3ba34e10c30d44d9fe35794117,68675,,810cdd8a91f2858188f8b870b13949b83af65bd19b657f62a6e9386976e4d816
197031,3033491279294,9337b9a8f828d3fea0132867547feb3b4db77b28595412f789507994a62bf174,68797,,810cdd8a91f2858188f8b870b13949b83af65bd19b657f62a6e9386976e4d816
197210,5000112611878,f41cd3f2dade88d4268353353d5dbf52f2025a396d4f4a709efe3ac9ab99291f,68950,,810cdd8a91f2858188f8b870b13949b83af65bd19b657f62a6e9386976e4d816
197339,3770014111777,32a912a44d6e223dfafb23196f02904fbe8ebf3ba34e10c30d44d9fe35794117,68877,,810cdd8a91f2858188f8b870b13949b83af65bd19b657f62a6e9386976e4d816
197407,3250390564843,ff05eb6595d81da6c2c979b788b806c329749b1c665397a36436f95bb6f37e8e,69019,,810cdd8a91f2858188f8b870b13949b83af65bd19b657f62a6e9386976e4d816
197865,5000112611878,f41cd3f2dade88d4268353353d5dbf52f2025a396d4f4a709efe3ac9ab99291f,69461,,810cdd8a91f2858188f8b870b13949b83af65bd19b657f62a6e9386976e4d816
198341,5000112611878,f41cd3f2dade88d4268353353d5dbf52f2025a396d4f4a709efe3ac9ab99291f,69711,,810cdd8a91f2858188f8b870b13949b83af65bd19b657f62a6e9386976e4d816
198359,3297760097969,4ca81216211f1bcee72fbec12aa048f20f553391238401e6a12b791653d2924c,69618,,810cdd8a91f2858188f8b870b13949b83af65bd19b657f62a6e9386976e4d816
198632,8000500391228,541523ed87af4efb3ec302fab0b84715f2fe033aae8dbbdead2475d86083edb2,69871,,810cdd8a91f2858188f8b870b13949b83af65bd19b657f62a6e9386976e4d816
198692,3760020507916,d9cea108ffaf5dd04b2e00df5ad1901015599cd34b55021ed1fc14aee7cff222,69906,,810cdd8a91f2858188f8b870b13949b83af65bd19b657f62a6e9386976e4d816
199402,3770018078151,d3b2de87961cdb4eaa4161956fe1fcc83469f0fe7c6ee05e5f930f9de9c32413,70500,,810cdd8a91f2858188f8b870b13949b83af65bd19b657f62a6e9386976e4d816
199431,5000112611878,f41cd3f2dade88d4268353353d5dbf52f2025a396d4f4a709efe3ac9ab99291f,70462,,810cdd8a91f2858188f8b870b13949b83af65bd19b657f62a6e9386976e4d816
199870,8000500391228,541523ed87af4efb3ec302fab0b84715f2fe033aae8dbbdead2475d86083edb2,70351,,810cdd8a91f2858188f8b870b13949b83af65bd19b657f62a6e9386976e4d816
201033,3033491279294,9337b9a8f828d3fea0132867547feb3b4db77b28595412f789507994a62bf174,71886,,810cdd8a91f2858188f8b870b13949b83af65bd19b657f62a6e9386976e4d816
201123,8000500391228,541523ed87af4efb3ec302fab0b84715f2fe033aae8dbbdead2475d86083edb2,71767,,810cdd8a91f2858188f8b870b13949b83af65bd19b657f62a6e9386976e4d816
201258,5000112611878,f41cd3f2dade88d4268353353d5dbf52f2025a396d4f4a709efe3ac9ab99291f,71365,,810cdd8a91f2858188f8b870b13949b83af65bd19b657f62a6e9386976e4d816
201438,3045320517699,aafd046f21607968a416dd3ed65c6f362f3319d9a03fce139c23db77bed4e9f1,71912,,810cdd8a91f2858188f8b870b13949b83af65bd19b657f62a6e9386976e4d816
201997,3770018078151,d3b2de87961cdb4eaa4161956fe1fcc83469f0fe7c6ee05e5f930f9de9c32413,72115,,810cdd8a91f2858188f8b870b13949b83af65bd19b657f62a6e9386976e4d816
202083,3045320517699,aafd046f21607968a416dd3ed65c6f362f3319d9a03fce139c23db77bed4e9f1,72214,,810cdd8a91f2858188f8b870b13949b83af65bd19b657f62a6e9386976e4d816
202253,3760020507916,d9cea108ffaf5dd04b2e00df5ad1901015599cd34b55021ed1fc14aee7cff222,72283,,810cdd8a91f2858188f8b870b13949b83af65bd19b657f62a6e9386976e4d816
203256,5000112611878,f41cd3f2dade88d4268353353d5dbf52f2025a396d4f4a709efe3ac9ab99291f,72450,,810cdd8a91f2858188f8b870b13949b83af65bd19b657f62a6e9386976e4d816
203578,3033491350795,a42b5e3e00b24cab9b5c2abab905e3136c816253190a5e911a7c1092dcc19d9d,73224,,810cdd8a91f2858188f8b870b13949b83af65bd19b657f62a6e9386976e4d816
204180,3770018078151,d3b2de87961cdb4eaa4161956fe1fcc83469f0fe7c6ee05e5f930f9de9c32413,73534,,810cdd8a91f2858188f8b870b13949b83af65bd19b657f62a6e9386976e4d816
205213,3038359004544,1525ef9c4b93a3b937a69eaec8f574478094d6ae7f1cef983e3d35932dc3445a,74675,,810cdd8a91f2858188f8b870b13949b83af65bd19b657f62a6e9386976e4d816
205653,8000500391228,541523ed87af4efb3ec302fab0b84715f2fe033aae8dbbdead2475d86083edb2,74508,,810cdd8a91f2858188f8b870b13949b83af65bd19b657f62a6e9386976e4d816
205829,3450970173834,b2903dee5936fc920a8e1a6566e283e292568d17f448d9e8cc673462900efccb,74094,,810cdd8a91f2858188f8b870b13949b83af65bd19b657f62a6e9386976e4d816
206074,3038353911909,f713a2cd4d3b4ebb3c936eb81b23522946973d2ee987128fbcd7a3779bc34b1c,74151,8065f64b8b076cf874dfb6c347363bb7999fd2f5e1d501153684d75a375a3c6f,810cdd8a91f2858188f8b870b13949b83af65bd19b657f62a6e9386976e4d816
206706,3302740047312,c6e416d7690beab36142fe27c4cfe15cba0edd1a6291fa0004a1c84a22a7a8bb,73909,,810cdd8a91f2858188f8b870b13949b83af65bd19b657f62a6e9386976e4d816
206923,3242272981053,fcc59ea98d64c203ad1d9e0958086b8c4d79741d9fe17bbae4d0b561a39c5f92,75323,,810cdd8a91f2858188f8b870b13949b83af65bd19b657f62a6e9386976e4d816
208213,5000112611878,f41cd3f2dade88d4268353353d5dbf52f2025a396d4f4a709efe3ac9ab99291f,75912,,810cdd8a91f2858188f8b870b13949b83af65bd19b657f62a6e9386976e4d816
208962,3033491350795,a42b5e3e00b24cab9b5c2abab905e3136c816253190a5e911a7c1092dcc19d9d,75692,,810cdd8a91f2858188f8b870b13949b83af65bd19b657f62a6e9386976e4d816
209016,3045320517699,aafd046f21607968a416dd3ed65c6f362f3319d9a03fce139c23db77bed4e9f1,76787,99dfcaeb3c1a9ebf9d8d3a021c0c9903937b50f42a6fd0fd9232c90558b4844e,810cdd8a91f2858188f8b870b13949b83af65bd19b657f62a6e9386976e4d816
211122,3033491350795,a42b5e3e00b24cab9b5c2abab905e3136c816253190a5e911a7c1092dcc19d9d,77283,,810cdd8a91f2858188f8b870b13949b83af65bd19b657f62a6e9386976e4d816
211410,8000500391228,541523ed87af4efb3ec302fab0b84715f2fe033aae8dbbdead2475d86083edb2,77393,,810cdd8a91f2858188f8b870b13949b83af65bd19b657f62a6e9386976e4d816
211687,3033491451652,4f4f349aabb1015eafbf3f0f76a06dc782c3b0cb841cf9095ed4cf9c1f2e1ec0,77337,,810cdd8a91f2858188f8b870b13949b83af65bd19b657f62a6e9386976e4d816
211741,3033491350795,a42b5e3e00b24cab9b5c2abab905e3136c816253190a5e911a7c1092dcc19d9d,77339,81a9d11be5e939e68ca9a21d60eb9c8e748227fc4a300a90bef62132af68b06a,810cdd8a91f2858188f8b870b13949b83af65bd19b657f62a6e9386976e4d816
211745,3273220530375,6ded435720592454a2d9667c61e7fdd74a5e134d1f4d2505a20e41f9f80fbf8d,77338,,810cdd8a91f2858188f8b870b13949b83af65bd19b657f62a6e9386976e4d816
212331,8000500391228,541523ed87af4efb3ec302fab0b84715f2fe033aae8dbbdead2475d86083edb2,78045,,810cdd8a91f2858188f8b870b13949b83af65bd19b657f62a6e9386976e4d816
212353,5000112611878,f41cd3f2dade88d4268353353d5dbf52f2025a396d4f4a709efe3ac9ab99291f,77959,,810cdd8a91f2858188f8b870b13949b83af65bd19b657f62a6e9386976e4d816
212479,3240931548135,b04956fb72164d0aa169caa42e9bfdbb13617cfbe2044d789ec498de0fa4d998,77746,,810cdd8a91f2858188f8b870b13949b83af65bd19b657f62a6e9386976e4d816
212734,3220035229611,2d886b3652dcce1dc85336eb81d739ae10e498acf96c7600c57c78eb69bcf61f,78164,,810cdd8a91f2858188f8b870b13949b83af65bd19b657f62a6e9386976e4d816
213080,3033491279294,9337b9a8f828d3fea0132867547feb3b4db77b28595412f789507994a62bf174,75719,,810cdd8a91f2858188f8b870b13949b83af65bd19b657f62a6e9386976e4d816
213499,8000500391228,541523ed87af4efb3ec302fab0b84715f2fe033aae8dbbdead2475d86083edb2,78365,863e3932875c633c21b628a47c8efbc49ec9347403fee423e3644b42952c3781,810cdd8a91f2858188f8b870b13949b83af65bd19b657f62a6e9386976e4d816
213522,3302740047312,c6e416d7690beab36142fe27c4cfe15cba0edd1a6291fa0004a1c84a22a7a8bb,78229,7f37fff97d28c2c2e507537e0692365fc8561237a95f92347bf15d7d70a40377,810cdd8a91f2858188f8b870b13949b83af65bd19b657f62a6e9386976e4d816
214436,3045320517699,aafd046f21607968a416dd3ed65c6f362f3319d9a03fce139c23db77bed4e9f1,79461,,810cdd8a91f2858188f8b870b13949b83af65bd19b657f62a6e9386976e4d816
214701,3242272981053,fcc59ea98d64c203ad1d9e0958086b8c4d79741d9fe17bbae4d0b561a39c5f92,79628,,810cdd8a91f2858188f8b870b13949b83af65bd19b657f62a6e9386976e4d816
215354,8000500391228,541523ed87af4efb3ec302fab0b84715f2fe033aae8dbbdead2475d86083edb2,79669,,810cdd8a91f2858188f8b870b13949b83af65bd19b657f62a6e9386976e4d816
215568,8000500391228,541523ed87af4efb3ec302fab0b84715f2fe033aae8dbbdead2475d86083edb2,79764,,810cdd8a91f2858188f8b870b13949b83af65bd19b657f62a6e9386976e4d816
215735,5000112611878,f41cd3f2dade88d4268353353d5dbf52f2025a396d4f4a709efe3ac9ab99291f,79901,59858690c1a77219ec6dba704e9961b84bf3e6981c728f4fa6a863bf30676ed5,810cdd8a91f2858188f8b870b13949b83af65bd19b657f62a6e9386976e4d816
215818,5000112611878,f41cd3f2dade88d4268353353d5dbf52f2025a396d4f4a709efe3ac9ab99291f,79904,,810cdd8a91f2858188f8b870b13949b83af65bd19b657f62a6e9386976e4d816
216014,3033491350795,a42b5e3e00b24cab9b5c2abab905e3136c816253190a5e911a7c1092dcc19d9d,80045,,810cdd8a91f2858188f8b870b13949b83af65bd19b657f62a6e9386976e4d816
216904,5000112611878,f41cd3f2dade88d4268353353d5dbf52f2025a396d4f4a709efe3ac9ab99291f,80417,,810cdd8a91f2858188f8b870b13949b83af65bd19b657f62a6e9386976e4d816
216945,8000500391228,541523ed87af4efb3ec302fab0b84715f2fe033aae8dbbdead2475d86083edb2,80293,,810cdd8a91f2858188f8b870b13949b83af65bd19b657f62a6e9386976e4d816
217065,3033491350795,a42b5e3e00b24cab9b5c2abab905e3136c816253190a5e911a7c1092dcc19d9d,81106,,810cdd8a91f2858188f8b870b13949b83af65bd19b657f62a6e9386976e4d816
217261,3560071266721,77addbcf09f1edb4dd42a25c757ab4bec013498d6ec3e5d9be12e66bc04b0951,80864,,810cdd8a91f2858188f8b870b13949b83af65bd19b657f62a6e9386976e4d816
217523,3297760097969,4ca81216211f1bcee72fbec12aa048f20f553391238401e6a12b791653d2924c,81119,,810cdd8a91f2858188f8b870b13949b83af65bd19b657f62a6e9386976e4d816
217602,3045320517699,aafd046f21607968a416dd3ed65c6f362f3319d9a03fce139c23db77bed4e9f1,81196,,810cdd8a91f2858188f8b870b13949b83af65bd19b657f62a6e9386976e4d816
217687,3456300014556,28163a9aa69ae9dc57a947e50ab8cfa93c424eb067341d182af5a868ba9d1823,80855,,810cdd8a91f2858188f8b870b13949b83af65bd19b657f62a6e9386976e4d816
218325,3045320517699,aafd046f21607968a416dd3ed65c6f362f3319d9a03fce139c23db77bed4e9f1,81201,,810cdd8a91f2858188f8b870b13949b83af65bd19b657f62a6e9386976e4d816
218389,3297760097969,4ca81216211f1bcee72fbec12aa048f20f553391238401e6a12b791653d2924c,81116,,810cdd8a91f2858188f8b870b13949b83af65bd19b657f62a6e9386976e4d816
222314,3450970173834,b2903dee5936fc920a8e1a6566e283e292568d17f448d9e8cc673462900efccb,82979,,810cdd8a91f2858188f8b870b13949b83af65bd19b657f62a6e9386976e4d816
222850,3033491279294,9337b9a8f828d3fea0132867547feb3b4db77b28595412f789507994a62bf174,84013,,810cdd8a91f2858188f8b870b13949b83af65bd19b657f62a6e9386976e4d816
222875,3033491350795,a42b5e3e00b24cab9b5c2abab905e3136c816253190a5e911a7c1092dcc19d9d,84016,,810cdd8a91f2858188f8b870b13949b83af65bd19b657f62a6e9386976e4d816
223897,3033491350795,a42b5e3e00b24cab9b5c2abab905e3136c816253190a5e911a7c1092dcc19d9d,84533,,810cdd8a91f2858188f8b870b13949b83af65bd19b657f62a6e9386976e4d816
224485,3033491350795,a42b5e3e00b24cab9b5c2abab905e3136c816253190a5e911a7c1092dcc19d9d,84790,,810cdd8a91f2858188f8b870b13949b83af65bd19b657f62a6e9386976e4d816
224867,3770018078151,d3b2de87961cdb4eaa4161956fe1fcc83469f0fe7c6ee05e5f930f9de9c32413,85167,,810cdd8a91f2858188f8b870b13949b83af65bd19b657f62a6e9386976e4d816
224978,8000500391228,541523ed87af4efb3ec302fab0b84715f2fe033aae8dbbdead2475d86083edb2,85006,,810cdd8a91f2858188f8b870b13949b83af65bd19b657f62a6e9386976e4d816
224979,8000500391228,541523ed87af4efb3ec302fab0b84715f2fe033aae8dbbdead2475d86083edb2,85005,,810cdd8a91f2858188f8b870b13949b83af65bd19b657f62a6e9386976e4d816
224980,8000500391228,541523ed87af4efb3ec302fab0b84715f2fe033aae8dbbdead2475d86083edb2,85005,,810cdd8a91f2858188f8b870b13949b83af65bd19b657f62a6e9386976e4d816
226410,3770018078151,d3b2de87961cdb4eaa4161956fe1fcc83469f0fe7c6ee05e5f930f9de9c32413,87106,,810cdd8a91f2858188f8b870b13949b83af65bd19b657f62a6e9386976e4d816
226412,3770018078151,d3b2de87961cdb4eaa4161956fe1fcc83469f0fe7c6ee05e5f930f9de9c32413,87106,,810cdd8a91f2858188f8b870b13949b83af65bd19b657f62a6e9386976e4d816
226989,3165959213028,211e36bf2792ead092a9301b7f45bcdb8033e2dc0fc9a4c394665ad8fbd7fb7d,87795,306b1685dd2a8eb89358ff12b8e8f26feb8a5fd127c96bd4e2f894bb520695c9,810cdd8a91f2858188f8b870b13949b83af65bd19b657f62a6e9386976e4d816
227729,8000500391228,541523ed87af4efb3ec302fab0b84715f2fe033aae8dbbdead2475d86083edb2,88349,,810cdd8a91f2858188f8b870b13949b83af65bd19b657f62a6e9386976e4d816
228143,3019089042228,93fb7c44d4b195f9d413ab31e4a27740bd30a9145da7f06004d0449b96b9eadc,87828,,810cdd8a91f2858188f8b870b13949b83af65bd19b657f62a6e9386976e4d816
228372,3165959213028,211e36bf2792ead092a9301b7f45bcdb8033e2dc0fc9a4c394665ad8fbd7fb7d,87792,,810cdd8a91f2858188f8b870b13949b83af65bd19b657f62a6e9386976e4d816
228453,3240931548135,b04956fb72164d0aa169caa42e9bfdbb13617cfbe2044d789ec498de0fa4d998,87047,,810cdd8a91f2858188f8b870b13949b83af65bd19b657f62a6e9386976e4d816
229424,3302740047312,c6e416d7690beab36142fe27c4cfe15cba0edd1a6291fa0004a1c84a22a7a8bb,85717,,810cdd8a91f2858188f8b870b13949b83af65bd19b657f62a6e9386976e4d816
229854,3033491279294,9337b9a8f828d3fea0132867547feb3b4db77b28595412f789507994a62bf174,85792,,810cdd8a91f2858188f8b870b13949b83af65bd19b657f62a6e9386976e4d816
230297,3302740047312,c6e416d7690beab36142fe27c4cfe15cba0edd1a6291fa0004a1c84a22a7a8bb,89047,,810cdd8a91f2858188f8b870b13949b83af65bd19b657f62a6e9386976e4d816
230301,3302740047312,c6e416d7690beab36142fe27c4cfe15cba0edd1a6291fa0004a1c84a22a7a8bb,89044,,810cdd8a91f2858188f8b870b13949b83af65bd19b657f62a6e9386976e4d816
231125,0034500420686,9ff48e577c797b812aa10774c39d0afb3747737e32375d9ec58650e54051964a,89616,d69550b8720eae80f7353cb70335930d71f5a85c7eec275a30bd5d88f92a589a,810cdd8a91f2858188f8b870b13949b83af65bd19b657f62a6e9386976e4d816
231126,0034500420686,9ff48e577c797b812aa10774c39d0afb3747737e32375d9ec58650e54051964a,89616,d69550b8720eae80f7353cb70335930d71f5a85c7eec275a30bd5d88f92a589a,810cdd8a91f2858188f8b870b13949b83af65bd19b657f62a6e9386976e4d816
231166,8000500391228,541523ed87af4efb3ec302fab0b84715f2fe033aae8dbbdead2475d86083edb2,89687,,810cdd8a91f2858188f8b870b13949b83af65bd19b657f62a6e9386976e4d816
232628,7622210231277,b8e70d512b8775870ea0c2982015591efab923b4162d0deff369008a6077ed07,89890,37adceba41129479b70277b61e4c35e5f820d4500da420c1483471f0ccf95f83,810cdd8a91f2858188f8b870b13949b83af65bd19b657f62a6e9386976e4d816
232751,0021130306022,029e122e3be26b29601c3487f8bb4600690da9766b096e26435b7006887be8e8,90181,0e6d128af0bc3820f60960e4c4fe362c340f38861b795fb8b59cf44ee1d66af8,810cdd8a91f2858188f8b870b13949b83af65bd19b657f62a6e9386976e4d816
234727,3242272981053,fcc59ea98d64c203ad1d9e0958086b8c4d79741d9fe17bbae4d0b561a39c5f92,91875,,810cdd8a91f2858188f8b870b13949b83af65bd19b657f62a6e9386976e4d816
234863,3297760097969,4ca81216211f1bcee72fbec12aa048f20f553391238401e6a12b791653d2924c,92405,,810cdd8a91f2858188f8b870b13949b83af65bd19b657f62a6e9386976e4d816
237604,5000112611878,f41cd3f2dade88d4268353353d5dbf52f2025a396d4f4a709efe3ac9ab99291f,92940,,810cdd8a91f2858188f8b870b13949b83af65bd19b657f62a6e9386976e4d816
237635,8000500391228,541523ed87af4efb3ec302fab0b84715f2fe033aae8dbbdead2475d86083edb2,92955,,810cdd8a91f2858188f8b870b13949b83af65bd19b657f62a6e9386976e4d816
237924,3760341070236,f1b2c0555943271b29188ef76d3fa0b0fe915885ccb4bdeb696797cb762abec9,93392,,810cdd8a91f2858188f8b870b13949b83af65bd19b657f62a6e9386976e4d816
238791,8994963002794,9332144843295046c496966bc63cc3aafb0e92ce92419a80a49336cb5ca03215,93651,d500c9783b62be8015e5eab0ef6094796133ed2a6b100bb067c4bb96aa1fdd64,810cdd8a91f2858188f8b870b13949b83af65bd19b657f62a6e9386976e4d816
238792,8994963002794,9332144843295046c496966bc63cc3aafb0e92ce92419a80a49336cb5ca03215,93651,d500c9783b62be8015e5eab0ef6094796133ed2a6b100bb067c4bb96aa1fdd64,810cdd8a91f2858188f8b870b13949b83af65bd19b657f62a6e9386976e4d816
238835,8000500391228,541523ed87af4efb3ec302fab0b84715f2fe033aae8dbbdead2475d86083edb2,92961,,810cdd8a91f2858188f8b870b13949b83af65bd19b657f62a6e9386976e4d816
239119,8000500391228,541523ed87af4efb3ec302fab0b84715f2fe033aae8dbbdead2475d86083edb2,93710,,810cdd8a91f2858188f8b870b13949b83af65bd19b657f62a6e9386976e4d816
239179,0796252300295,b9c1a7020fb92a32dd7da45f4f8319885d9df52dbc6e9d22b22355cd68e7e898,93733,5eb5495d2e5b8db2f5892bb3c60189ad6537c7054218dd761536efbea927dfb5,810cdd8a91f2858188f8b870b13949b83af65bd19b657f62a6e9386976e4d816
239304,3033491279294,9337b9a8f828d3fea0132867547feb3b4db77b28595412f789507994a62bf174,93912,,810cdd8a91f2858188f8b870b13949b83af65bd19b657f62a6e9386976e4d816
239346,3297760097969,4ca81216211f1bcee72fbec12aa048f20f553391238401e6a12b791653d2924c,93896,,810cdd8a91f2858188f8b870b13949b83af65bd19b657f62a6e9386976e4d816
239383,3045320517699,aafd046f21607968a416dd3ed65c6f362f3319d9a03fce139c23db77bed4e9f1,93886,,810cdd8a91f2858188f8b870b13949b83af65bd19b657f62a6e9386976e4d816
239771,3045320517699,aafd046f21607968a416dd3ed65c6f362f3319d9a03fce139c23db77bed4e9f1,93886,,810cdd8a91f2858188f8b870b13949b83af65bd19b657f62a6e9386976e4d816
240405,3760020507916,d9cea108ffaf5dd04b2e00df5ad1901015599cd34b55021ed1fc14aee7cff222,94190,,810cdd8a91f2858188f8b870b13949b83af65bd19b657f62a6e9386976e4d816
241244,3412290023909,5be80ad8e7d2bced097cf2d67f047b42504ca05afb54346eda40e5496110d8e3,94883,,810cdd8a91f2858188f8b870b13949b83af65bd19b657f62a6e9386976e4d816
241785,3123930711758,6e5801a73a0beaf7124302ab324b558e0d22794a5ad8e97b5d3c4c48ef89ff5f,94899,,810cdd8a91f2858188f8b870b13949b83af65bd19b657f62a6e9386976e4d816
242188,3760090370571,750430216bd4e8274a8aa268b299aa380850033f7c0cf76bbd910d3e0bda1036,95577,3b0361095778e9ab5ed4625978d539961d2779e602fadf3eedfee490b4ba7275,810cdd8a91f2858188f8b870b13949b83af65bd19b657f62a6e9386976e4d816
242727,3045320517699,aafd046f21607968a416dd3ed65c6f362f3319d9a03fce139c23db77bed4e9f1,95875,,810cdd8a91f2858188f8b870b13949b83af65bd19b657f62a6e9386976e4d816
243424,8000500391228,541523ed87af4efb3ec302fab0b84715f2fe033aae8dbbdead2475d86083edb2,96037,,810cdd8a91f2858188f8b870b13949b83af65bd19b657f62a6e9386976e4d816
243733,3165959213028,211e36bf2792ead092a9301b7f45bcdb8033e2dc0fc9a4c394665ad8fbd7fb7d,95741,,810cdd8a91f2858188f8b870b13949b83af65bd19b657f62a6e9386976e4d816
245112,3045320517699,aafd046f21607968a416dd3ed65c6f362f3319d9a03fce139c23db77bed4e9f1,97046,,810cdd8a91f2858188f8b870b13949b83af65bd19b657f62a6e9386976e4d816
245407,3456300014556,28163a9aa69ae9dc57a947e50ab8cfa93c424eb067341d182af5a868ba9d1823,97170,,810cdd8a91f2858188f8b870b13949b83af65bd19b657f62a6e9386976e4d816
245421,3045320517699,aafd046f21607968a416dd3ed65c6f362f3319d9a03fce139c23db77bed4e9f1,97119,,810cdd8a91f2858188f8b870b13949b83af65bd19b657f62a6e9386976e4d816
245840,3456300014556,28163a9aa69ae9dc57a947e50ab8cfa93c424eb067341d182af5a868ba9d1823,97367,,810cdd8a91f2858188f8b870b13949b83af65bd19b657f62a6e9386976e4d816
246264,3033491350795,a42b5e3e00b24cab9b5c2abab905e3136c816253190a5e911a7c1092dcc19d9d,97464,,810cdd8a91f2858188f8b870b13949b83af65bd19b657f62a6e9386976e4d816
247928,5000112611878,f41cd3f2dade88d4268353353d5dbf52f2025a396d4f4a709efe3ac9ab99291f,97759,,810cdd8a91f2858188f8b870b13949b83af65bd19b657f62a6e9386976e4d816
249117,3266140053581,268db8cef48b91af093cc67326b7e1bf962d7ddb25b169dcb6d730d6c8618796,99124,,810cdd8a91f2858188f8b870b13949b83af65bd19b657f62a6e9386976e4d816
249185,3456300014556,28163a9aa69ae9dc57a947e50ab8cfa93c424eb067341d182af5a868ba9d1823,99115,,810cdd8a91f2858188f8b870b13949b83af65bd19b657f62a6e9386976e4d816
249206,3456300014556,28163a9aa69ae9dc57a947e50ab8cfa93c424eb067341d182af5a868ba9d1823,99146,,810cdd8a91f2858188f8b870b13949b83af65bd19b657f62a6e9386976e4d816
249207,3760020507916,d9cea108ffaf5dd04b2e00df5ad1901015599cd34b55021ed1fc14aee7cff222,99146,,810cdd8a91f2858188f8b870b13949b83af65bd19b657f62a6e9386976e4d816
249274,5000112611878,f41cd3f2dade88d4268353353d5dbf52f2025a396d4f4a709efe3ac9ab99291f,99228,,810cdd8a91f2858188f8b870b13949b83af65bd19b657f62a6e9386976e4d816
249637,3450970173834,b2903dee5936fc920a8e1a6566e283e292568d17f448d9e8cc673462900efccb,99413,377cc8d0c8426f73c35e279137780ba00b993ed435b0ccc8aec3ebde9f7332d4,810cdd8a91f2858188f8b870b13949b83af65bd19b657f62a6e9386976e4d816
250672,3297760097969,4ca81216211f1bcee72fbec12aa048f20f553391238401e6a12b791653d2924c,99940,e81162e79e4e51889efe481b842235c12aba95ae66233247a3cd6de9e4d679d4,810cdd8a91f2858188f8b870b13949b83af65bd19b657f62a6e9386976e4d816
250779,5000112611878,f41cd3f2dade88d4268353353d5dbf52f2025a396d4f4a709efe3ac9ab99291f,100244,,810cdd8a91f2858188f8b870b13949b83af65bd19b657f62a6e9386976e4d816
251027,3560071266721,77addbcf09f1edb4dd42a25c757ab4bec013498d6ec3e5d9be12e66bc04b0951,100346,2dc90251bc156f6ca586e21414bed2942c3386b42e9802de72afa54cbf51d6fc,810cdd8a91f2858188f8b870b13949b83af65bd19b657f62a6e9386976e4d816
251092,3033491279294,9337b9a8f828d3fea0132867547feb3b4db77b28595412f789507994a62bf174,100118,,810cdd8a91f2858188f8b870b13949b83af65bd19b657f62a6e9386976e4d816
251238,3045320517699,aafd046f21607968a416dd3ed65c6f362f3319d9a03fce139c23db77bed4e9f1,99951,,810cdd8a91f2858188f8b870b13949b83af65bd19b657f62a6e9386976e4d816
251911,3033491451652,4f4f349aabb1015eafbf3f0f76a06dc782c3b0cb841cf9095ed4cf9c1f2e1ec0,100784,,810cdd8a91f2858188f8b870b13949b83af65bd19b657f62a6e9386976e4d816
251986,3297760097969,4ca81216211f1bcee72fbec12aa048f20f553391238401e6a12b791653d2924c,100893,,810cdd8a91f2858188f8b870b13949b83af65bd19b657f62a6e9386976e4d816
253400,3760090370571,750430216bd4e8274a8aa268b299aa380850033f7c0cf76bbd910d3e0bda1036,101397,,810cdd8a91f2858188f8b870b13949b83af65bd19b657f62a6e9386976e4d816
256509,3033491350795,a42b5e3e00b24cab9b5c2abab905e3136c816253190a5e911a7c1092dcc19d9d,103811,,810cdd8a91f2858188f8b870b13949b83af65bd19b657f62a6e9386976e4d816
256687,8000500391228,541523ed87af4efb3ec302fab0b84715f2fe033aae8dbbdead2475d86083edb2,103999,,810cdd8a91f2858188f8b870b13949b83af65bd19b657f62a6e9386976e4d816
258162,3045320517699,aafd046f21607968a416dd3ed65c6f362f3319d9a03fce139c23db77bed4e9f1,104334,,810cdd8a91f2858188f8b870b13949b83af65bd19b657f62a6e9386976e4d816
258204,3302740047312,c6e416d7690beab36142fe27c4cfe15cba0edd1a6291fa0004a1c84a22a7a8bb,104328,,810cdd8a91f2858188f8b870b13949b83af65bd19b657f62a6e9386976e4d816
258319,3266140053581,268db8cef48b91af093cc67326b7e1bf962d7ddb25b169dcb6d730d6c8618796,104378,,810cdd8a91f2858188f8b870b13949b83af65bd19b657f62a6e9386976e4d816
258523,3033491350795,a42b5e3e00b24cab9b5c2abab905e3136c816253190a5e911a7c1092dcc19d9d,104440,,810cdd8a91f2858188f8b870b13949b83af65bd19b657f62a6e9386976e4d816
260044,3270190023524,c5e067c3b9a6d768d495e6bb10d8ccb5832849df2bf4cf1e12b09a6050ea9743,105520,,810cdd8a91f2858188f8b870b13949b83af65bd19b657f62a6e9386976e4d816
260113,3270190023524,c5e067c3b9a6d768d495e6bb10d8ccb5832849df2bf4cf1e12b09a6050ea9743,105521,,810cdd8a91f2858188f8b870b13949b83af65bd19b657f62a6e9386976e4d816
260519,3045320517699,aafd046f21607968a416dd3ed65c6f362f3319d9a03fce139c23db77bed4e9f1,105313,,810cdd8a91f2858188f8b870b13949b83af65bd19b657f62a6e9386976e4d816
263130,5000112611878,f41cd3f2dade88d4268353353d5dbf52f2025a396d4f4a709efe3ac9ab99291f,107063,,810cdd8a91f2858188f8b870b13949b83af65bd19b657f62a6e9386976e4d816
265060,8000500391228,541523ed87af4efb3ec302fab0b84715f2fe033aae8dbbdead2475d86083edb2,108156,,810cdd8a91f2858188f8b870b13949b83af65bd19b657f62a6e9386976e4d816
265619,3045320517699,aafd046f21607968a416dd3ed65c6f362f3319d9a03fce139c23db77bed4e9f1,108635,,810cdd8a91f2858188f8b870b13949b83af65bd19b657f62a6e9386976e4d816
267978,3456300014556,28163a9aa69ae9dc57a947e50ab8cfa93c424eb067341d182af5a868ba9d1823,109510,,810cdd8a91f2858188f8b870b13949b83af65bd19b657f62a6e9386976e4d816
269347,3038359004544,1525ef9c4b93a3b937a69eaec8f574478094d6ae7f1cef983e3d35932dc3445a,110250,,810cdd8a91f2858188f8b870b13949b83af65bd19b657f62a6e9386976e4d816
269443,3297760097969,4ca81216211f1bcee72fbec12aa048f20f553391238401e6a12b791653d2924c,110215,,810cdd8a91f2858188f8b870b13949b83af65bd19b657f62a6e9386976e4d816
269698,3760297370206,c4a8a73fa17261e7abaeb5ae79bfb2c1aa5dda9923620f65a19a7ddca62ca750,110451,7e9b79fc86376ee4729707bfdf0ef381a38e1e36328ca426d1914bc477f8939d,810cdd8a91f2858188f8b870b13949b83af65bd19b657f62a6e9386976e4d816
270760,3038359004544,1525ef9c4b93a3b937a69eaec8f574478094d6ae7f1cef983e3d35932dc3445a,110909,,810cdd8a91f2858188f8b870b13949b83af65bd19b657f62a6e9386976e4d816
271124,4001242003633,77893399f5cc2eaec230a916fb0a05ca1034b02da352bc9cd111106bfacf4f7a,111168,9478056bb3f37d2d660cd479038c84885cf9da788adfd1618dd0301e82026643,810cdd8a91f2858188f8b870b13949b83af65bd19b657f62a6e9386976e4d816
271302,3038359004544,1525ef9c4b93a3b937a69eaec8f574478094d6ae7f1cef983e3d35932dc3445a,111357,,810cdd8a91f2858188f8b870b13949b83af65bd19b657f62a6e9386976e4d816
272651,8002470031937,5ed04ecae15a2bfd56b323e17f5ef6ad42d9f0885a52949aadc91d5404ab7a6b,111929,8bcf7327394d542e11b6e68bd7104d55d087763dcea23d3a6072b87065c786b0,810cdd8a91f2858188f8b870b13949b83af65bd19b657f62a6e9386976e4d816
272814,3019089042228,93fb7c44d4b195f9d413ab31e4a27740bd30a9145da7f06004d0449b96b9eadc,112011,,810cdd8a91f2858188f8b870b13949b83af65bd19b657f62a6e9386976e4d816
273148,3297760097969,4ca81216211f1bcee72fbec12aa048f20f553391238401e6a12b791653d2924c,112251,,810cdd8a91f2858188f8b870b13949b83af65bd19b657f62a6e9386976e4d816
273282,3019089042228,93fb7c44d4b195f9d413ab31e4a27740bd30a9145da7f06004d0449b96b9eadc,112461,,810cdd8a91f2858188f8b870b13949b83af65bd19b657f62a6e9386976e4d816
273299,3038359004544,1525ef9c4b93a3b937a69eaec8f574478094d6ae7f1cef983e3d35932dc3445a,112420,,810cdd8a91f2858188f8b870b13949b83af65bd19b657f62a6e9386976e4d816
273760,3038359004544,1525ef9c4b93a3b937a69eaec8f574478094d6ae7f1cef983e3d35932dc3445a,112610,,810cdd8a91f2858188f8b870b13949b83af65bd19b657f62a6e9386976e4d816
273772,3019089042228,93fb7c44d4b195f9d413ab31e4a27740bd30a9145da7f06004d0449b96b9eadc,112609,,810cdd8a91f2858188f8b870b13949b83af65bd19b657f62a6e9386976e4d816
275104,3038359004544,1525ef9c4b93a3b937a69eaec8f574478094d6ae7f1cef983e3d35932dc3445a,113287,,810cdd8a91f2858188f8b870b13949b83af65bd19b657f62a6e9386976e4d816
275126,3019089042228,93fb7c44d4b195f9d413ab31e4a27740bd30a9145da7f06004d0449b96b9eadc,113274,,810cdd8a91f2858188f8b870b13949b83af65bd19b657f62a6e9386976e4d816
275239,3019089042228,93fb7c44d4b195f9d413ab31e4a27740bd30a9145da7f06004d0449b96b9eadc,113272,,810cdd8a91f2858188f8b870b13949b83af65bd19b657f62a6e9386976e4d816
275472,3183811008117,875e5c0a681fe65d6cbed50d96ab72617d082823628cc689b523cc663d376db4,107029,,810cdd8a91f2858188f8b870b13949b83af65bd19b657f62a6e9386976e4d816
276018,5214002552640,edff220e9adfdf18329436ce4a30724ae00c72b82cfd6c29bdee8d58883e6174,113747,8b8b86b5e93c793588e6fd2a555ae486025803ee735eefb20d361f90586f7137,810cdd8a91f2858188f8b870b13949b83af65bd19b657f62a6e9386976e4d816
276411,5214002552640,edff220e9adfdf18329436ce4a30724ae00c72b82cfd6c29bdee8d58883e6174,113858,,810cdd8a91f2858188f8b870b13949b83af65bd19b657f62a6e9386976e4d816
281560,3038353911909,f713a2cd4d3b4ebb3c936eb81b23522946973d2ee987128fbcd7a3779bc34b1c,115737,,810cdd8a91f2858188f8b870b13949b83af65bd19b657f62a6e9386976e4d816
282334,3045320517699,aafd046f21607968a416dd3ed65c6f362f3319d9a03fce139c23db77bed4e9f1,115986,,810cdd8a91f2858188f8b870b13949b83af65bd19b657f62a6e9386976e4d816
282946,3045320517699,aafd046f21607968a416dd3ed65c6f362f3319d9a03fce139c23db77bed4e9f1,116302,,810cdd8a91f2858188f8b870b13949b83af65bd19b657f62a6e9386976e4d816
283489,3033491279294,9337b9a8f828d3fea0132867547feb3b4db77b28595412f789507994a62bf174,116580,,810cdd8a91f2858188f8b870b13949b83af65bd19b657f62a6e9386976e4d816
289843,3019089042228,93fb7c44d4b195f9d413ab31e4a27740bd30a9145da7f06004d0449b96b9eadc,118708,7c16244d20f0cc8144ca45432747d7b4104b7879debe21cfac07a1546b9ae261,810cdd8a91f2858188f8b870b13949b83af65bd19b657f62a6e9386976e4d816
290643,3770018078151,d3b2de87961cdb4eaa4161956fe1fcc83469f0fe7c6ee05e5f930f9de9c32413,119067,,810cdd8a91f2858188f8b870b13949b83af65bd19b657f62a6e9386976e4d816
299720,0796252300295,b9c1a7020fb92a32dd7da45f4f8319885d9df52dbc6e9d22b22355cd68e7e898,121804,,810cdd8a91f2858188f8b870b13949b83af65bd19b657f62a6e9386976e4d816
300247,8000500391228,541523ed87af4efb3ec302fab0b84715f2fe033aae8dbbdead2475d86083edb2,122151,,810cdd8a91f2858188f8b870b13949b83af65bd19b657f62a6e9386976e4d816
301084,8000500391228,541523ed87af4efb3ec302fab0b84715f2fe033aae8dbbdead2475d86083edb2,122339,,810cdd8a91f2858188f8b870b13949b83af65bd19b657f62a6e9386976e4d816
301201,3770018078151,d3b2de87961cdb4eaa4161956fe1fcc83469f0fe7c6ee05e5f930f9de9c32413,122427,,810cdd8a91f2858188f8b870b13949b83af65bd19b657f62a6e9386976e4d816
301405,3770018078151,d3b2de87961cdb4eaa4161956fe1fcc83469f0fe7c6ee05e5f930f9de9c32413,122425,,810cdd8a91f2858188f8b870b13949b83af65bd19b657f62a6e9386976e4d816
302792,3038359004544,1525ef9c4b93a3b937a69eaec8f574478094d6ae7f1cef983e3d35932dc3445a,122742,,810cdd8a91f2858188f8b870b13949b83af65bd19b657f62a6e9386976e4d816
303880,8901725015275,b9763ef43d0755ccce4678810390c7e65c2023a87a47330d36cfac1181696c96,123581,eccf5c5cfec97c8c5ae10264b1325a56cf24aaa51d2e7d4f78fcecfe0a2c93f6,810cdd8a91f2858188f8b870b13949b83af65bd19b657f62a6e9386976e4d816
305598,3183811008117,875e5c0a681fe65d6cbed50d96ab72617d082823628cc689b523cc663d376db4,124327,,810cdd8a91f2858188f8b870b13949b83af65bd19b657f62a6e9386976e4d816
306888,3045320517699,aafd046f21607968a416dd3ed65c6f362f3319d9a03fce139c23db77bed4e9f1,124702,,810cdd8a91f2858188f8b870b13949b83af65bd19b657f62a6e9386976e4d816
306926,5000112611878,f41cd3f2dade88d4268353353d5dbf52f2025a396d4f4a709efe3ac9ab99291f,124660,,810cdd8a91f2858188f8b870b13949b83af65bd19b657f62a6e9386976e4d816
307262,3760341070236,f1b2c0555943271b29188ef76d3fa0b0fe915885ccb4bdeb696797cb762abec9,125297,,810cdd8a91f2858188f8b870b13949b83af65bd19b657f62a6e9386976e4d816
308430,0021130494859,86e7f3a3babcfb308826d3e0ec333046f5adc347ac8312bf9121b03d6ab78c92,125740,,810cdd8a91f2858188f8b870b13949b83af65bd19b657f62a6e9386976e4d816
310095,3250390145912,43aa3b64e5898ccfbb75b6171ba333e91f4adfc9cf7db78d49cb0836e00f26ee,126284,0f40c5c181fd14385aff7a6f01c81330638b9caaf266c019f7f4ae064338afe4,810cdd8a91f2858188f8b870b13949b83af65bd19b657f62a6e9386976e4d816
310448,3183811008117,875e5c0a681fe65d6cbed50d96ab72617d082823628cc689b523cc663d376db4,126087,ddb2773081fc63d76548a8bf949e5568bc2e8903310a1357164dac18a251363f,810cdd8a91f2858188f8b870b13949b83af65bd19b657f62a6e9386976e4d816
312346,3019089042228,93fb7c44d4b195f9d413ab31e4a27740bd30a9145da7f06004d0449b96b9eadc,126846,,810cdd8a91f2858188f8b870b13949b83af65bd19b657f62a6e9386976e4d816
316525,3183811008117,875e5c0a681fe65d6cbed50d96ab72617d082823628cc689b523cc663d376db4,128402,,810cdd8a91f2858188f8b870b13949b83af65bd19b657f62a6e9386976e4d816
316527,3183811008117,875e5c0a681fe65d6cbed50d96ab72617d082823628cc689b523cc663d376db4,128402,,810cdd8a91f2858188f8b870b13949b83af65bd19b657f62a6e9386976e4d816
316829,3456300014556,28163a9aa69ae9dc57a947e50ab8cfa93c424eb067341d182af5a868ba9d1823,128354,,810cdd8a91f2858188f8b870b13949b83af65bd19b657f62a6e9386976e4d816
317409,3038359004544,1525ef9c4b93a3b937a69eaec8f574478094d6ae7f1cef983e3d35932dc3445a,128819,,810cdd8a91f2858188f8b870b13949b83af65bd19b657f62a6e9386976e4d816
318554,3023260027607,3eac23547f8e3047f8416fa80c7936a359b0788079a3551c2fbc7c308e4f9a07,129115,,810cdd8a91f2858188f8b870b13949b83af65bd19b657f62a6e9386976e4d816
318806,3256228195487,6c8577ef0db2e4d37c148fd3bbe605cfd91fd602a7905928a6daea112334f8e1,129278,36cdce48eecf1212611b395252b47f3f2d2bb563501bdf38bda013d2088d97b5,810cdd8a91f2858188f8b870b13949b83af65bd19b657f62a6e9386976e4d816
321663,3165959213028,211e36bf2792ead092a9301b7f45bcdb8033e2dc0fc9a4c394665ad8fbd7fb7d,130360,,810cdd8a91f2858188f8b870b13949b83af65bd19b657f62a6e9386976e4d816
321835,3220035229611,2d886b3652dcce1dc85336eb81d739ae10e498acf96c7600c57c78eb69bcf61f,130239,,810cdd8a91f2858188f8b870b13949b83af65bd19b657f62a6e9386976e4d816
323126,3038359004544,1525ef9c4b93a3b937a69eaec8f574478094d6ae7f1cef983e3d35932dc3445a,130878,,810cdd8a91f2858188f8b870b13949b83af65bd19b657f62a6e9386976e4d816
323167,3019089042228,93fb7c44d4b195f9d413ab31e4a27740bd30a9145da7f06004d0449b96b9eadc,130872,,810cdd8a91f2858188f8b870b13949b83af65bd19b657f62a6e9386976e4d816
324258,3242272981053,fcc59ea98d64c203ad1d9e0958086b8c4d79741d9fe17bbae4d0b561a39c5f92,131361,cbe8df29e4b742c6cdeffe5f1c2afd80a88597ffc8f25e73275ec8e1bb5247b4,810cdd8a91f2858188f8b870b13949b83af65bd19b657f62a6e9386976e4d816
325228,8901725015275,b9763ef43d0755ccce4678810390c7e65c2023a87a47330d36cfac1181696c96,131426,,810cdd8a91f2858188f8b870b13949b83af65bd19b657f62a6e9386976e4d816
325384,3019089042228,93fb7c44d4b195f9d413ab31e4a27740bd30a9145da7f06004d0449b96b9eadc,131954,,810cdd8a91f2858188f8b870b13949b83af65bd19b657f62a6e9386976e4d816
325456,3770018078151,d3b2de87961cdb4eaa4161956fe1fcc83469f0fe7c6ee05e5f930f9de9c32413,132050,,810cdd8a91f2858188f8b870b13949b83af65bd19b657f62a6e9386976e4d816
